;Kingdom;Supergroup;Phylum;Class;Order;Family;Genus;Species
1_Novel-Gran-1_X;Eukaryota;Rhizaria;Cercozoa;Granofilosea;Cryptofilida;Novel-Gran-1;Novel-Gran-1_X;Novel-Gran-1_X
2_Clathrulinidae_X;Eukaryota;Rhizaria;Cercozoa;Granofilosea;Desmothoracida;Clathrulinidae;Clathrulinidae_X;Clathrulinidae_X
3_Clathrulinidae_X;Eukaryota;Rhizaria;Cercozoa;Granofilosea;Desmothoracida;Clathrulinidae;Clathrulinidae_X;Clathrulinidae_X
4_Novel-Gran-234_X;Eukaryota;Rhizaria;Cercozoa;Granofilosea;Granofilosea_X;Novel-Gran-234;Novel-Gran-234_X;Novel-Gran-234_X
5_Novel-Gran-234_X;Eukaryota;Rhizaria;Cercozoa;Granofilosea;Granofilosea_X;Novel-Gran-234;Novel-Gran-234_X;Novel-Gran-234_X
6_Novel-Gran-234_X;Eukaryota;Rhizaria;Cercozoa;Granofilosea;Granofilosea_X;Novel-Gran-234;Novel-Gran-234_X;Novel-Gran-234_X
7_Novel-Gran-5_X;Eukaryota;Rhizaria;Cercozoa;Granofilosea;Granofilosea_X;Novel-Gran-5;Novel-Gran-5_X;Novel-Gran-5_X
8_Novel-Gran-6_X;Eukaryota;Rhizaria;Cercozoa;Granofilosea;Granofilosea_X;Novel-Gran-6;Novel-Gran-6_X;Novel-Gran-6_X
9_Novel-Gran-6_X;Eukaryota;Rhizaria;Cercozoa;Granofilosea;Granofilosea_X;Novel-Gran-6;Novel-Gran-6_X;Novel-Gran-6_X
10_Novel-Gran-6_X;Eukaryota;Rhizaria;Cercozoa;Granofilosea;Granofilosea_X;Novel-Gran-6;Novel-Gran-6_X;Novel-Gran-6_X
11_Novel-Gran-6_X;Eukaryota;Rhizaria;Cercozoa;Granofilosea;Granofilosea_X;Novel-Gran-6;Novel-Gran-6_X;Novel-Gran-6_X
12_Novel-Gran-6_X;Eukaryota;Rhizaria;Cercozoa;Granofilosea;Granofilosea_X;Novel-Gran-6;Novel-Gran-6_X;Novel-Gran-6_X
13_Novel-Gran-6_X;Eukaryota;Rhizaria;Cercozoa;Granofilosea;Granofilosea_X;Novel-Gran-6;Novel-Gran-6_X;Novel-Gran-6_X
14_Limnofila_anglica;Eukaryota;Rhizaria;Cercozoa;Granofilosea;Limnofilida;Limnofilidae;Limnofila;Limnofila_anglica
15_Limnofila_anglica;Eukaryota;Rhizaria;Cercozoa;Granofilosea;Limnofilida;Limnofilidae;Limnofila;Limnofila_anglica
16_Limnofila_anglica;Eukaryota;Rhizaria;Cercozoa;Granofilosea;Limnofilida;Limnofilidae;Limnofila;Limnofila_anglica
17_Limnofila_longa;Eukaryota;Rhizaria;Cercozoa;Granofilosea;Limnofilida;Limnofilidae;Limnofila;Limnofila_longa
18_Limnofilidae_X;Eukaryota;Rhizaria;Cercozoa;Granofilosea;Limnofilida;Limnofilidae;Limnofilidae_X;Limnofilidae_X
19_Limnofilidae_X;Eukaryota;Rhizaria;Cercozoa;Granofilosea;Limnofilida;Limnofilidae;Limnofilidae_X;Limnofilidae_X
20_Limnofilidae_X;Eukaryota;Rhizaria;Cercozoa;Granofilosea;Limnofilida;Limnofilidae;Limnofilidae_X;Limnofilidae_X
21_Limnofilidae_X;Eukaryota;Rhizaria;Cercozoa;Granofilosea;Limnofilida;Limnofilidae;Limnofilidae_X;Limnofilidae_X
22_Limnofilidae_X;Eukaryota;Rhizaria;Cercozoa;Granofilosea;Limnofilida;Limnofilidae;Limnofilidae_X;Limnofilidae_X
23_Limnofilidae_X;Eukaryota;Rhizaria;Cercozoa;Granofilosea;Limnofilida;Limnofilidae;Limnofilidae_X;Limnofilidae_X
24_Limnofilidae_X;Eukaryota;Rhizaria;Cercozoa;Granofilosea;Limnofilida;Limnofilidae;Limnofilidae_X;Limnofilidae_X
25_Limnofilidae_X;Eukaryota;Rhizaria;Cercozoa;Granofilosea;Limnofilida;Limnofilidae;Limnofilidae_X;Limnofilidae_X
26_Limnofilidae_X;Eukaryota;Rhizaria;Cercozoa;Granofilosea;Limnofilida;Limnofilidae;Limnofilidae_X;Limnofilidae_X
27_Cavernomonas_stercoris;Eukaryota;Rhizaria;Cercozoa;Sarcomonadea;Cercomonadida;Cercomonadidae;Cavernomonas;Cavernomonas_stercoris
28_Cavernomonas_stercoris;Eukaryota;Rhizaria;Cercozoa;Sarcomonadea;Cercomonadida;Cercomonadidae;Cavernomonas;Cavernomonas_stercoris
29_Cercomonadidae_X;Eukaryota;Rhizaria;Cercozoa;Sarcomonadea;Cercomonadida;Cercomonadidae;Cercomonadidae_X;Cercomonadidae_X
30_Cercomonadidae_X;Eukaryota;Rhizaria;Cercozoa;Sarcomonadea;Cercomonadida;Cercomonadidae;Cercomonadidae_X;Cercomonadidae_X
31_Cercomonadidae_X;Eukaryota;Rhizaria;Cercozoa;Sarcomonadea;Cercomonadida;Cercomonadidae;Cercomonadidae_X;Cercomonadidae_X
32_Cercomonadidae_X;Eukaryota;Rhizaria;Cercozoa;Sarcomonadea;Cercomonadida;Cercomonadidae;Cercomonadidae_X;Cercomonadidae_X
33_Cercomonadidae_X;Eukaryota;Rhizaria;Cercozoa;Sarcomonadea;Cercomonadida;Cercomonadidae;Cercomonadidae_X;Cercomonadidae_X
34_Cercomonadidae_X;Eukaryota;Rhizaria;Cercozoa;Sarcomonadea;Cercomonadida;Cercomonadidae;Cercomonadidae_X;Cercomonadidae_X
35_Cercomonas_braziliensis;Eukaryota;Rhizaria;Cercozoa;Sarcomonadea;Cercomonadida;Cercomonadidae;Cercomonas;Cercomonas_braziliensis
36_Cercomonas_braziliensis;Eukaryota;Rhizaria;Cercozoa;Sarcomonadea;Cercomonadida;Cercomonadidae;Cercomonas;Cercomonas_braziliensis
37_Cercomonas_braziliensis;Eukaryota;Rhizaria;Cercozoa;Sarcomonadea;Cercomonadida;Cercomonadidae;Cercomonas;Cercomonas_braziliensis
38_Cercomonas_braziliensis;Eukaryota;Rhizaria;Cercozoa;Sarcomonadea;Cercomonadida;Cercomonadidae;Cercomonas;Cercomonas_braziliensis
39_Cercomonas_celer;Eukaryota;Rhizaria;Cercozoa;Sarcomonadea;Cercomonadida;Cercomonadidae;Cercomonas;Cercomonas_celer
40_Cercomonas_celer;Eukaryota;Rhizaria;Cercozoa;Sarcomonadea;Cercomonadida;Cercomonadidae;Cercomonas;Cercomonas_celer
41_Cercomonas_celer;Eukaryota;Rhizaria;Cercozoa;Sarcomonadea;Cercomonadida;Cercomonadidae;Cercomonas;Cercomonas_celer
42_Cercomonas_celer;Eukaryota;Rhizaria;Cercozoa;Sarcomonadea;Cercomonadida;Cercomonadidae;Cercomonas;Cercomonas_celer
43_Cercomonas_clavideferens;Eukaryota;Rhizaria;Cercozoa;Sarcomonadea;Cercomonadida;Cercomonadidae;Cercomonas;Cercomonas_clavideferens
44_Cercomonas_clavideferens;Eukaryota;Rhizaria;Cercozoa;Sarcomonadea;Cercomonadida;Cercomonadidae;Cercomonas;Cercomonas_clavideferens
45_Cercomonas_mtoleri;Eukaryota;Rhizaria;Cercozoa;Sarcomonadea;Cercomonadida;Cercomonadidae;Cercomonas;Cercomonas_mtoleri
46_Cercomonas_plasmodialis;Eukaryota;Rhizaria;Cercozoa;Sarcomonadea;Cercomonadida;Cercomonadidae;Cercomonas;Cercomonas_plasmodialis
47_Cercomonas_plasmodialis;Eukaryota;Rhizaria;Cercozoa;Sarcomonadea;Cercomonadida;Cercomonadidae;Cercomonas;Cercomonas_plasmodialis
48_Cercomonas_plasmodialis;Eukaryota;Rhizaria;Cercozoa;Sarcomonadea;Cercomonadida;Cercomonadidae;Cercomonas;Cercomonas_plasmodialis
49_Cercomonas_sp;Eukaryota;Rhizaria;Cercozoa;Sarcomonadea;Cercomonadida;Cercomonadidae;Cercomonas;Cercomonas_sp
50_Cercomonas_sp;Eukaryota;Rhizaria;Cercozoa;Sarcomonadea;Cercomonadida;Cercomonadidae;Cercomonas;Cercomonas_sp
51_Cercomonas_sp;Eukaryota;Rhizaria;Cercozoa;Sarcomonadea;Cercomonadida;Cercomonadidae;Cercomonas;Cercomonas_sp
52_Cercomonas_sp;Eukaryota;Rhizaria;Cercozoa;Sarcomonadea;Cercomonadida;Cercomonadidae;Cercomonas;Cercomonas_sp
53_Cercomonas_sp;Eukaryota;Rhizaria;Cercozoa;Sarcomonadea;Cercomonadida;Cercomonadidae;Cercomonas;Cercomonas_sp
54_Cercomonas_sp;Eukaryota;Rhizaria;Cercozoa;Sarcomonadea;Cercomonadida;Cercomonadidae;Cercomonas;Cercomonas_sp
55_Cercomonas_sp;Eukaryota;Rhizaria;Cercozoa;Sarcomonadea;Cercomonadida;Cercomonadidae;Cercomonas;Cercomonas_sp
56_Cercomonas_sp;Eukaryota;Rhizaria;Cercozoa;Sarcomonadea;Cercomonadida;Cercomonadidae;Cercomonas;Cercomonas_sp
57_Cercomonas_sp;Eukaryota;Rhizaria;Cercozoa;Sarcomonadea;Cercomonadida;Cercomonadidae;Cercomonas;Cercomonas_sp
58_Cercomonas_sp;Eukaryota;Rhizaria;Cercozoa;Sarcomonadea;Cercomonadida;Cercomonadidae;Cercomonas;Cercomonas_sp
59_Cercomonas_sp;Eukaryota;Rhizaria;Cercozoa;Sarcomonadea;Cercomonadida;Cercomonadidae;Cercomonas;Cercomonas_sp
60_Cercomonas_sp;Eukaryota;Rhizaria;Cercozoa;Sarcomonadea;Cercomonadida;Cercomonadidae;Cercomonas;Cercomonas_sp
61_Cercomonas_sp;Eukaryota;Rhizaria;Cercozoa;Sarcomonadea;Cercomonadida;Cercomonadidae;Cercomonas;Cercomonas_sp
62_Cercomonas_sp;Eukaryota;Rhizaria;Cercozoa;Sarcomonadea;Cercomonadida;Cercomonadidae;Cercomonas;Cercomonas_sp
63_Cercomonas_sp;Eukaryota;Rhizaria;Cercozoa;Sarcomonadea;Cercomonadida;Cercomonadidae;Cercomonas;Cercomonas_sp
64_Cercomonas_sp;Eukaryota;Rhizaria;Cercozoa;Sarcomonadea;Cercomonadida;Cercomonadidae;Cercomonas;Cercomonas_sp
65_Cercomonas_sp;Eukaryota;Rhizaria;Cercozoa;Sarcomonadea;Cercomonadida;Cercomonadidae;Cercomonas;Cercomonas_sp
66_Cercomonas_sp;Eukaryota;Rhizaria;Cercozoa;Sarcomonadea;Cercomonadida;Cercomonadidae;Cercomonas;Cercomonas_sp
67_Cercomonas_sp;Eukaryota;Rhizaria;Cercozoa;Sarcomonadea;Cercomonadida;Cercomonadidae;Cercomonas;Cercomonas_sp
68_Cercomonas_sp;Eukaryota;Rhizaria;Cercozoa;Sarcomonadea;Cercomonadida;Cercomonadidae;Cercomonas;Cercomonas_sp
69_Cercomonas_sp;Eukaryota;Rhizaria;Cercozoa;Sarcomonadea;Cercomonadida;Cercomonadidae;Cercomonas;Cercomonas_sp
70_Cercomonas_sp;Eukaryota;Rhizaria;Cercozoa;Sarcomonadea;Cercomonadida;Cercomonadidae;Cercomonas;Cercomonas_sp
71_Cercomonas_sp;Eukaryota;Rhizaria;Cercozoa;Sarcomonadea;Cercomonadida;Cercomonadidae;Cercomonas;Cercomonas_sp
72_Cercomonas_sp;Eukaryota;Rhizaria;Cercozoa;Sarcomonadea;Cercomonadida;Cercomonadidae;Cercomonas;Cercomonas_sp
73_Cercomonas_sp;Eukaryota;Rhizaria;Cercozoa;Sarcomonadea;Cercomonadida;Cercomonadidae;Cercomonas;Cercomonas_sp
74_Cercomonas_sp;Eukaryota;Rhizaria;Cercozoa;Sarcomonadea;Cercomonadida;Cercomonadidae;Cercomonas;Cercomonas_sp
75_Cercomonas_sp;Eukaryota;Rhizaria;Cercozoa;Sarcomonadea;Cercomonadida;Cercomonadidae;Cercomonas;Cercomonas_sp
76_Cercomonas_sp;Eukaryota;Rhizaria;Cercozoa;Sarcomonadea;Cercomonadida;Cercomonadidae;Cercomonas;Cercomonas_sp
77_Cercomonas_sp;Eukaryota;Rhizaria;Cercozoa;Sarcomonadea;Cercomonadida;Cercomonadidae;Cercomonas;Cercomonas_sp
78_Cercomonas_sp;Eukaryota;Rhizaria;Cercozoa;Sarcomonadea;Cercomonadida;Cercomonadidae;Cercomonas;Cercomonas_sp
79_Cercomonas_sp;Eukaryota;Rhizaria;Cercozoa;Sarcomonadea;Cercomonadida;Cercomonadidae;Cercomonas;Cercomonas_sp
80_Cercomonas_sp;Eukaryota;Rhizaria;Cercozoa;Sarcomonadea;Cercomonadida;Cercomonadidae;Cercomonas;Cercomonas_sp
81_Cercomonas_sp;Eukaryota;Rhizaria;Cercozoa;Sarcomonadea;Cercomonadida;Cercomonadidae;Cercomonas;Cercomonas_sp
82_Eocercomonas_echina;Eukaryota;Rhizaria;Cercozoa;Sarcomonadea;Cercomonadida;Cercomonadidae;Eocercomonas;Eocercomonas_echina
83_Eocercomonas_echina;Eukaryota;Rhizaria;Cercozoa;Sarcomonadea;Cercomonadida;Cercomonadidae;Eocercomonas;Eocercomonas_echina
84_Eocercomonas_echina;Eukaryota;Rhizaria;Cercozoa;Sarcomonadea;Cercomonadida;Cercomonadidae;Eocercomonas;Eocercomonas_echina
85_Eocercomonas_echina;Eukaryota;Rhizaria;Cercozoa;Sarcomonadea;Cercomonadida;Cercomonadidae;Eocercomonas;Eocercomonas_echina
86_Eocercomonas_ramosa;Eukaryota;Rhizaria;Cercozoa;Sarcomonadea;Cercomonadida;Cercomonadidae;Eocercomonas;Eocercomonas_ramosa
87_Eocercomonas_ramosa;Eukaryota;Rhizaria;Cercozoa;Sarcomonadea;Cercomonadida;Cercomonadidae;Eocercomonas;Eocercomonas_ramosa
88_Eocercomonas_ramosa;Eukaryota;Rhizaria;Cercozoa;Sarcomonadea;Cercomonadida;Cercomonadidae;Eocercomonas;Eocercomonas_ramosa
89_Eocercomonas_sp;Eukaryota;Rhizaria;Cercozoa;Sarcomonadea;Cercomonadida;Cercomonadidae;Eocercomonas;Eocercomonas_sp
90_Metabolomonas_insania;Eukaryota;Rhizaria;Cercozoa;Sarcomonadea;Cercomonadida;Paracercomonadidae;Metabolomonas;Metabolomonas_insania
91_Metabolomonas_insania;Eukaryota;Rhizaria;Cercozoa;Sarcomonadea;Cercomonadida;Paracercomonadidae;Metabolomonas;Metabolomonas_insania
92_Nucleocercomonas_praelonga;Eukaryota;Rhizaria;Cercozoa;Sarcomonadea;Cercomonadida;Paracercomonadidae;Nucleocercomonas;Nucleocercomonas_praelonga
93_Nucleocercomonas_praelonga;Eukaryota;Rhizaria;Cercozoa;Sarcomonadea;Cercomonadida;Paracercomonadidae;Nucleocercomonas;Nucleocercomonas_praelonga
94_Nucleocercomonas_praelonga;Eukaryota;Rhizaria;Cercozoa;Sarcomonadea;Cercomonadida;Paracercomonadidae;Nucleocercomonas;Nucleocercomonas_praelonga
95_Nucleocercomonas_praelonga;Eukaryota;Rhizaria;Cercozoa;Sarcomonadea;Cercomonadida;Paracercomonadidae;Nucleocercomonas;Nucleocercomonas_praelonga
96_Nucleocercomonas_praelonga;Eukaryota;Rhizaria;Cercozoa;Sarcomonadea;Cercomonadida;Paracercomonadidae;Nucleocercomonas;Nucleocercomonas_praelonga
97_Paracercomonas_compacta;Eukaryota;Rhizaria;Cercozoa;Sarcomonadea;Cercomonadida;Paracercomonadidae;Paracercomonas;Paracercomonas_compacta
98_Paracercomonas_compacta;Eukaryota;Rhizaria;Cercozoa;Sarcomonadea;Cercomonadida;Paracercomonadidae;Paracercomonas;Paracercomonas_compacta
99_Paracercomonas_compacta;Eukaryota;Rhizaria;Cercozoa;Sarcomonadea;Cercomonadida;Paracercomonadidae;Paracercomonas;Paracercomonas_compacta
100_Paracercomonas_oxoniensis;Eukaryota;Rhizaria;Cercozoa;Sarcomonadea;Cercomonadida;Paracercomonadidae;Paracercomonas;Paracercomonas_oxoniensis
101_Paracercomonas_sp;Eukaryota;Rhizaria;Cercozoa;Sarcomonadea;Cercomonadida;Paracercomonadidae;Paracercomonas;Paracercomonas_sp
102_Paracercomonas_sp;Eukaryota;Rhizaria;Cercozoa;Sarcomonadea;Cercomonadida;Paracercomonadidae;Paracercomonas;Paracercomonas_sp
103_Paracercomonas_sp;Eukaryota;Rhizaria;Cercozoa;Sarcomonadea;Cercomonadida;Paracercomonadidae;Paracercomonas;Paracercomonas_sp
104_Paracercomonas_sp;Eukaryota;Rhizaria;Cercozoa;Sarcomonadea;Cercomonadida;Paracercomonadidae;Paracercomonas;Paracercomonas_sp
105_Paracercomonas_sp;Eukaryota;Rhizaria;Cercozoa;Sarcomonadea;Cercomonadida;Paracercomonadidae;Paracercomonas;Paracercomonas_sp
106_Paracercomonas_sp;Eukaryota;Rhizaria;Cercozoa;Sarcomonadea;Cercomonadida;Paracercomonadidae;Paracercomonas;Paracercomonas_sp
107_Paracercomonas_sp;Eukaryota;Rhizaria;Cercozoa;Sarcomonadea;Cercomonadida;Paracercomonadidae;Paracercomonas;Paracercomonas_sp
108_Paracercomonas_sp;Eukaryota;Rhizaria;Cercozoa;Sarcomonadea;Cercomonadida;Paracercomonadidae;Paracercomonas;Paracercomonas_sp
109_Paracercomonas_sp;Eukaryota;Rhizaria;Cercozoa;Sarcomonadea;Cercomonadida;Paracercomonadidae;Paracercomonas;Paracercomonas_sp
110_Paracercomonas_sp;Eukaryota;Rhizaria;Cercozoa;Sarcomonadea;Cercomonadida;Paracercomonadidae;Paracercomonas;Paracercomonas_sp
111_Paracercomonas_sp;Eukaryota;Rhizaria;Cercozoa;Sarcomonadea;Cercomonadida;Paracercomonadidae;Paracercomonas;Paracercomonas_sp
112_Paracercomonas_sp;Eukaryota;Rhizaria;Cercozoa;Sarcomonadea;Cercomonadida;Paracercomonadidae;Paracercomonas;Paracercomonas_sp
113_Paracercomonas_sp;Eukaryota;Rhizaria;Cercozoa;Sarcomonadea;Cercomonadida;Paracercomonadidae;Paracercomonas;Paracercomonas_sp
114_Paracercomonas_sp;Eukaryota;Rhizaria;Cercozoa;Sarcomonadea;Cercomonadida;Paracercomonadidae;Paracercomonas;Paracercomonas_sp
115_Paracercomonas_sp;Eukaryota;Rhizaria;Cercozoa;Sarcomonadea;Cercomonadida;Paracercomonadidae;Paracercomonas;Paracercomonas_sp
116_Paracercomonas_sp;Eukaryota;Rhizaria;Cercozoa;Sarcomonadea;Cercomonadida;Paracercomonadidae;Paracercomonas;Paracercomonas_sp
117_Paracercomonas_sp;Eukaryota;Rhizaria;Cercozoa;Sarcomonadea;Cercomonadida;Paracercomonadidae;Paracercomonas;Paracercomonas_sp
118_Paracercomonas_sp;Eukaryota;Rhizaria;Cercozoa;Sarcomonadea;Cercomonadida;Paracercomonadidae;Paracercomonas;Paracercomonas_sp
119_Paracercomonas_virgaria;Eukaryota;Rhizaria;Cercozoa;Sarcomonadea;Cercomonadida;Paracercomonadidae;Paracercomonas;Paracercomonas_virgaria
120_Allantion_sp;Eukaryota;Rhizaria;Cercozoa;Sarcomonadea;Glissomonadida;Allapsidae;Allantion;Allantion_sp
121_Allantion_sp;Eukaryota;Rhizaria;Cercozoa;Sarcomonadea;Glissomonadida;Allapsidae;Allantion;Allantion_sp
122_Allantion_sp;Eukaryota;Rhizaria;Cercozoa;Sarcomonadea;Glissomonadida;Allapsidae;Allantion;Allantion_sp
123_Allantion_sp;Eukaryota;Rhizaria;Cercozoa;Sarcomonadea;Glissomonadida;Allapsidae;Allantion;Allantion_sp
124_Allantion_sp;Eukaryota;Rhizaria;Cercozoa;Sarcomonadea;Glissomonadida;Allapsidae;Allantion;Allantion_sp
125_Allantion_sp;Eukaryota;Rhizaria;Cercozoa;Sarcomonadea;Glissomonadida;Allapsidae;Allantion;Allantion_sp
126_Allantion_sp;Eukaryota;Rhizaria;Cercozoa;Sarcomonadea;Glissomonadida;Allapsidae;Allantion;Allantion_sp
127_Allantion_sp;Eukaryota;Rhizaria;Cercozoa;Sarcomonadea;Glissomonadida;Allapsidae;Allantion;Allantion_sp
128_Allantion_sp;Eukaryota;Rhizaria;Cercozoa;Sarcomonadea;Glissomonadida;Allapsidae;Allantion;Allantion_sp
129_Allantion_sp;Eukaryota;Rhizaria;Cercozoa;Sarcomonadea;Glissomonadida;Allapsidae;Allantion;Allantion_sp
130_Allantion_sp;Eukaryota;Rhizaria;Cercozoa;Sarcomonadea;Glissomonadida;Allapsidae;Allantion;Allantion_sp
131_Allantion_sp;Eukaryota;Rhizaria;Cercozoa;Sarcomonadea;Glissomonadida;Allapsidae;Allantion;Allantion_sp
132_Allantion_sp;Eukaryota;Rhizaria;Cercozoa;Sarcomonadea;Glissomonadida;Allapsidae;Allantion;Allantion_sp
133_Allantion_sp;Eukaryota;Rhizaria;Cercozoa;Sarcomonadea;Glissomonadida;Allapsidae;Allantion;Allantion_sp
134_Allantion_sp;Eukaryota;Rhizaria;Cercozoa;Sarcomonadea;Glissomonadida;Allapsidae;Allantion;Allantion_sp
135_Allantion_sp;Eukaryota;Rhizaria;Cercozoa;Sarcomonadea;Glissomonadida;Allapsidae;Allantion;Allantion_sp
136_Allapsa_sp;Eukaryota;Rhizaria;Cercozoa;Sarcomonadea;Glissomonadida;Allapsidae;Allapsa;Allapsa_sp
137_Allapsa_sp;Eukaryota;Rhizaria;Cercozoa;Sarcomonadea;Glissomonadida;Allapsidae;Allapsa;Allapsa_sp
138_Allapsidae_X;Eukaryota;Rhizaria;Cercozoa;Sarcomonadea;Glissomonadida;Allapsidae;Allapsidae_X;Allapsidae_X
139_Allapsidae_X;Eukaryota;Rhizaria;Cercozoa;Sarcomonadea;Glissomonadida;Allapsidae;Allapsidae_X;Allapsidae_X
140_Allapsidae_X;Eukaryota;Rhizaria;Cercozoa;Sarcomonadea;Glissomonadida;Allapsidae;Allapsidae_X;Allapsidae_X
141_Allapsidae_X;Eukaryota;Rhizaria;Cercozoa;Sarcomonadea;Glissomonadida;Allapsidae;Allapsidae_X;Allapsidae_X
142_Allapsidae_X;Eukaryota;Rhizaria;Cercozoa;Sarcomonadea;Glissomonadida;Allapsidae;Allapsidae_X;Allapsidae_X
143_Allapsidae_X;Eukaryota;Rhizaria;Cercozoa;Sarcomonadea;Glissomonadida;Allapsidae;Allapsidae_X;Allapsidae_X
144_Allapsidae_X;Eukaryota;Rhizaria;Cercozoa;Sarcomonadea;Glissomonadida;Allapsidae;Allapsidae_X;Allapsidae_X
145_Allapsidae_X;Eukaryota;Rhizaria;Cercozoa;Sarcomonadea;Glissomonadida;Allapsidae;Allapsidae_X;Allapsidae_X
146_Allapsidae_X;Eukaryota;Rhizaria;Cercozoa;Sarcomonadea;Glissomonadida;Allapsidae;Allapsidae_X;Allapsidae_X
147_Allapsidae_X;Eukaryota;Rhizaria;Cercozoa;Sarcomonadea;Glissomonadida;Allapsidae;Allapsidae_X;Allapsidae_X
148_Allapsidae_X;Eukaryota;Rhizaria;Cercozoa;Sarcomonadea;Glissomonadida;Allapsidae;Allapsidae_X;Allapsidae_X
149_Allapsidae_X;Eukaryota;Rhizaria;Cercozoa;Sarcomonadea;Glissomonadida;Allapsidae;Allapsidae_X;Allapsidae_X
150_Allapsidae_X;Eukaryota;Rhizaria;Cercozoa;Sarcomonadea;Glissomonadida;Allapsidae;Allapsidae_X;Allapsidae_X
151_Allapsidae_X;Eukaryota;Rhizaria;Cercozoa;Sarcomonadea;Glissomonadida;Allapsidae;Allapsidae_X;Allapsidae_X
152_Allapsidae_X;Eukaryota;Rhizaria;Cercozoa;Sarcomonadea;Glissomonadida;Allapsidae;Allapsidae_X;Allapsidae_X
153_Allapsidae_X;Eukaryota;Rhizaria;Cercozoa;Sarcomonadea;Glissomonadida;Allapsidae;Allapsidae_X;Allapsidae_X
154_Allapsidae_X;Eukaryota;Rhizaria;Cercozoa;Sarcomonadea;Glissomonadida;Allapsidae;Allapsidae_X;Allapsidae_X
155_Allapsidae_X;Eukaryota;Rhizaria;Cercozoa;Sarcomonadea;Glissomonadida;Allapsidae;Allapsidae_X;Allapsidae_X
156_Allapsidae_X;Eukaryota;Rhizaria;Cercozoa;Sarcomonadea;Glissomonadida;Allapsidae;Allapsidae_X;Allapsidae_X
157_Allapsidae_X;Eukaryota;Rhizaria;Cercozoa;Sarcomonadea;Glissomonadida;Allapsidae;Allapsidae_X;Allapsidae_X
158_Allapsidae_X;Eukaryota;Rhizaria;Cercozoa;Sarcomonadea;Glissomonadida;Allapsidae;Allapsidae_X;Allapsidae_X
159_Allapsidae_X;Eukaryota;Rhizaria;Cercozoa;Sarcomonadea;Glissomonadida;Allapsidae;Allapsidae_X;Allapsidae_X
160_Allapsidae_X;Eukaryota;Rhizaria;Cercozoa;Sarcomonadea;Glissomonadida;Allapsidae;Allapsidae_X;Allapsidae_X
161_Allapsidae_X;Eukaryota;Rhizaria;Cercozoa;Sarcomonadea;Glissomonadida;Allapsidae;Allapsidae_X;Allapsidae_X
162_Allapsidae_X;Eukaryota;Rhizaria;Cercozoa;Sarcomonadea;Glissomonadida;Allapsidae;Allapsidae_X;Allapsidae_X
163_Allapsidae_X;Eukaryota;Rhizaria;Cercozoa;Sarcomonadea;Glissomonadida;Allapsidae;Allapsidae_X;Allapsidae_X
164_Allapsidae_X;Eukaryota;Rhizaria;Cercozoa;Sarcomonadea;Glissomonadida;Allapsidae;Allapsidae_X;Allapsidae_X
165_Allapsidae_X;Eukaryota;Rhizaria;Cercozoa;Sarcomonadea;Glissomonadida;Allapsidae;Allapsidae_X;Allapsidae_X
166_Allapsidae_X;Eukaryota;Rhizaria;Cercozoa;Sarcomonadea;Glissomonadida;Allapsidae;Allapsidae_X;Allapsidae_X
167_Allapsidae_X;Eukaryota;Rhizaria;Cercozoa;Sarcomonadea;Glissomonadida;Allapsidae;Allapsidae_X;Allapsidae_X
168_Allapsidae_X;Eukaryota;Rhizaria;Cercozoa;Sarcomonadea;Glissomonadida;Allapsidae;Allapsidae_X;Allapsidae_X
169_Allapsidae_X;Eukaryota;Rhizaria;Cercozoa;Sarcomonadea;Glissomonadida;Allapsidae;Allapsidae_X;Allapsidae_X
170_Allapsidae_X;Eukaryota;Rhizaria;Cercozoa;Sarcomonadea;Glissomonadida;Allapsidae;Allapsidae_X;Allapsidae_X
171_Allapsidae_X;Eukaryota;Rhizaria;Cercozoa;Sarcomonadea;Glissomonadida;Allapsidae;Allapsidae_X;Allapsidae_X
172_Allapsidae_X;Eukaryota;Rhizaria;Cercozoa;Sarcomonadea;Glissomonadida;Allapsidae;Allapsidae_X;Allapsidae_X
173_Allapsidae_X;Eukaryota;Rhizaria;Cercozoa;Sarcomonadea;Glissomonadida;Allapsidae;Allapsidae_X;Allapsidae_X
174_Allapsidae_X;Eukaryota;Rhizaria;Cercozoa;Sarcomonadea;Glissomonadida;Allapsidae;Allapsidae_X;Allapsidae_X
175_Allapsidae_X;Eukaryota;Rhizaria;Cercozoa;Sarcomonadea;Glissomonadida;Allapsidae;Allapsidae_X;Allapsidae_X
176_Allapsidae_X;Eukaryota;Rhizaria;Cercozoa;Sarcomonadea;Glissomonadida;Allapsidae;Allapsidae_X;Allapsidae_X
177_Allapsidae_X;Eukaryota;Rhizaria;Cercozoa;Sarcomonadea;Glissomonadida;Allapsidae;Allapsidae_X;Allapsidae_X
178_Allapsidae_X;Eukaryota;Rhizaria;Cercozoa;Sarcomonadea;Glissomonadida;Allapsidae;Allapsidae_X;Allapsidae_X
179_Allapsidae_X;Eukaryota;Rhizaria;Cercozoa;Sarcomonadea;Glissomonadida;Allapsidae;Allapsidae_X;Allapsidae_X
180_Allapsidae_X;Eukaryota;Rhizaria;Cercozoa;Sarcomonadea;Glissomonadida;Allapsidae;Allapsidae_X;Allapsidae_X
181_Allapsidae_X;Eukaryota;Rhizaria;Cercozoa;Sarcomonadea;Glissomonadida;Allapsidae;Allapsidae_X;Allapsidae_X
182_Allapsidae_X;Eukaryota;Rhizaria;Cercozoa;Sarcomonadea;Glissomonadida;Allapsidae;Allapsidae_X;Allapsidae_X
183_Allapsidae_X;Eukaryota;Rhizaria;Cercozoa;Sarcomonadea;Glissomonadida;Allapsidae;Allapsidae_X;Allapsidae_X
184_Allapsidae_X;Eukaryota;Rhizaria;Cercozoa;Sarcomonadea;Glissomonadida;Allapsidae;Allapsidae_X;Allapsidae_X
185_Allapsidae_X;Eukaryota;Rhizaria;Cercozoa;Sarcomonadea;Glissomonadida;Allapsidae;Allapsidae_X;Allapsidae_X
186_Allapsidae_X;Eukaryota;Rhizaria;Cercozoa;Sarcomonadea;Glissomonadida;Allapsidae;Allapsidae_X;Allapsidae_X
187_Allapsidae_X;Eukaryota;Rhizaria;Cercozoa;Sarcomonadea;Glissomonadida;Allapsidae;Allapsidae_X;Allapsidae_X
188_Allapsidae_X;Eukaryota;Rhizaria;Cercozoa;Sarcomonadea;Glissomonadida;Allapsidae;Allapsidae_X;Allapsidae_X
189_Allapsidae_X;Eukaryota;Rhizaria;Cercozoa;Sarcomonadea;Glissomonadida;Allapsidae;Allapsidae_X;Allapsidae_X
190_Allapsidae_X;Eukaryota;Rhizaria;Cercozoa;Sarcomonadea;Glissomonadida;Allapsidae;Allapsidae_X;Allapsidae_X
191_Allapsidae_X;Eukaryota;Rhizaria;Cercozoa;Sarcomonadea;Glissomonadida;Allapsidae;Allapsidae_X;Allapsidae_X
192_Allapsidae_X;Eukaryota;Rhizaria;Cercozoa;Sarcomonadea;Glissomonadida;Allapsidae;Allapsidae_X;Allapsidae_X
193_Allapsidae_X;Eukaryota;Rhizaria;Cercozoa;Sarcomonadea;Glissomonadida;Allapsidae;Allapsidae_X;Allapsidae_X
194_Allapsidae_X;Eukaryota;Rhizaria;Cercozoa;Sarcomonadea;Glissomonadida;Allapsidae;Allapsidae_X;Allapsidae_X
195_Allapsidae_X;Eukaryota;Rhizaria;Cercozoa;Sarcomonadea;Glissomonadida;Allapsidae;Allapsidae_X;Allapsidae_X
196_Allapsidae_X;Eukaryota;Rhizaria;Cercozoa;Sarcomonadea;Glissomonadida;Allapsidae;Allapsidae_X;Allapsidae_X
197_Allapsidae_X;Eukaryota;Rhizaria;Cercozoa;Sarcomonadea;Glissomonadida;Allapsidae;Allapsidae_X;Allapsidae_X
198_Allapsidae_X;Eukaryota;Rhizaria;Cercozoa;Sarcomonadea;Glissomonadida;Allapsidae;Allapsidae_X;Allapsidae_X
199_Allapsidae_X;Eukaryota;Rhizaria;Cercozoa;Sarcomonadea;Glissomonadida;Allapsidae;Allapsidae_X;Allapsidae_X
200_Allapsidae_X;Eukaryota;Rhizaria;Cercozoa;Sarcomonadea;Glissomonadida;Allapsidae;Allapsidae_X;Allapsidae_X
201_Allapsidae_X;Eukaryota;Rhizaria;Cercozoa;Sarcomonadea;Glissomonadida;Allapsidae;Allapsidae_X;Allapsidae_X
202_Allapsidae_X;Eukaryota;Rhizaria;Cercozoa;Sarcomonadea;Glissomonadida;Allapsidae;Allapsidae_X;Allapsidae_X
203_Allapsidae_X;Eukaryota;Rhizaria;Cercozoa;Sarcomonadea;Glissomonadida;Allapsidae;Allapsidae_X;Allapsidae_X
204_Allapsidae_X;Eukaryota;Rhizaria;Cercozoa;Sarcomonadea;Glissomonadida;Allapsidae;Allapsidae_X;Allapsidae_X
205_Allapsidae_X;Eukaryota;Rhizaria;Cercozoa;Sarcomonadea;Glissomonadida;Allapsidae;Allapsidae_X;Allapsidae_X
206_Allapsidae_X;Eukaryota;Rhizaria;Cercozoa;Sarcomonadea;Glissomonadida;Allapsidae;Allapsidae_X;Allapsidae_X
207_Allapsidae_X;Eukaryota;Rhizaria;Cercozoa;Sarcomonadea;Glissomonadida;Allapsidae;Allapsidae_X;Allapsidae_X
208_Allapsidae_X;Eukaryota;Rhizaria;Cercozoa;Sarcomonadea;Glissomonadida;Allapsidae;Allapsidae_X;Allapsidae_X
209_Allapsidae_X;Eukaryota;Rhizaria;Cercozoa;Sarcomonadea;Glissomonadida;Allapsidae;Allapsidae_X;Allapsidae_X
210_Allapsidae_X;Eukaryota;Rhizaria;Cercozoa;Sarcomonadea;Glissomonadida;Allapsidae;Allapsidae_X;Allapsidae_X
211_Allapsidae_X;Eukaryota;Rhizaria;Cercozoa;Sarcomonadea;Glissomonadida;Allapsidae;Allapsidae_X;Allapsidae_X
212_Allapsidae_X;Eukaryota;Rhizaria;Cercozoa;Sarcomonadea;Glissomonadida;Allapsidae;Allapsidae_X;Allapsidae_X
213_Allapsidae_X;Eukaryota;Rhizaria;Cercozoa;Sarcomonadea;Glissomonadida;Allapsidae;Allapsidae_X;Allapsidae_X
214_Allapsidae_X;Eukaryota;Rhizaria;Cercozoa;Sarcomonadea;Glissomonadida;Allapsidae;Allapsidae_X;Allapsidae_X
215_Allapsidae_X;Eukaryota;Rhizaria;Cercozoa;Sarcomonadea;Glissomonadida;Allapsidae;Allapsidae_X;Allapsidae_X
216_Allapsidae_X;Eukaryota;Rhizaria;Cercozoa;Sarcomonadea;Glissomonadida;Allapsidae;Allapsidae_X;Allapsidae_X
217_Allapsidae_X;Eukaryota;Rhizaria;Cercozoa;Sarcomonadea;Glissomonadida;Allapsidae;Allapsidae_X;Allapsidae_X
218_Allapsidae_X;Eukaryota;Rhizaria;Cercozoa;Sarcomonadea;Glissomonadida;Allapsidae;Allapsidae_X;Allapsidae_X
219_Allapsidae_X;Eukaryota;Rhizaria;Cercozoa;Sarcomonadea;Glissomonadida;Allapsidae;Allapsidae_X;Allapsidae_X
220_Allapsidae_X;Eukaryota;Rhizaria;Cercozoa;Sarcomonadea;Glissomonadida;Allapsidae;Allapsidae_X;Allapsidae_X
221_Allapsidae_X;Eukaryota;Rhizaria;Cercozoa;Sarcomonadea;Glissomonadida;Allapsidae;Allapsidae_X;Allapsidae_X
222_Allapsidae_X;Eukaryota;Rhizaria;Cercozoa;Sarcomonadea;Glissomonadida;Allapsidae;Allapsidae_X;Allapsidae_X
223_Allapsidae_X;Eukaryota;Rhizaria;Cercozoa;Sarcomonadea;Glissomonadida;Allapsidae;Allapsidae_X;Allapsidae_X
224_Allapsidae_X;Eukaryota;Rhizaria;Cercozoa;Sarcomonadea;Glissomonadida;Allapsidae;Allapsidae_X;Allapsidae_X
225_Allapsidae_X;Eukaryota;Rhizaria;Cercozoa;Sarcomonadea;Glissomonadida;Allapsidae;Allapsidae_X;Allapsidae_X
226_Allapsidae_X;Eukaryota;Rhizaria;Cercozoa;Sarcomonadea;Glissomonadida;Allapsidae;Allapsidae_X;Allapsidae_X
227_Allapsidae_X;Eukaryota;Rhizaria;Cercozoa;Sarcomonadea;Glissomonadida;Allapsidae;Allapsidae_X;Allapsidae_X
228_Allapsidae_X;Eukaryota;Rhizaria;Cercozoa;Sarcomonadea;Glissomonadida;Allapsidae;Allapsidae_X;Allapsidae_X
229_Allapsidae_X;Eukaryota;Rhizaria;Cercozoa;Sarcomonadea;Glissomonadida;Allapsidae;Allapsidae_X;Allapsidae_X
230_Allapsidae_X;Eukaryota;Rhizaria;Cercozoa;Sarcomonadea;Glissomonadida;Allapsidae;Allapsidae_X;Allapsidae_X
231_Allapsidae_X;Eukaryota;Rhizaria;Cercozoa;Sarcomonadea;Glissomonadida;Allapsidae;Allapsidae_X;Allapsidae_X
232_Allapsidae_X;Eukaryota;Rhizaria;Cercozoa;Sarcomonadea;Glissomonadida;Allapsidae;Allapsidae_X;Allapsidae_X
233_Allapsidae_X;Eukaryota;Rhizaria;Cercozoa;Sarcomonadea;Glissomonadida;Allapsidae;Allapsidae_X;Allapsidae_X
234_Allapsidae_X;Eukaryota;Rhizaria;Cercozoa;Sarcomonadea;Glissomonadida;Allapsidae;Allapsidae_X;Allapsidae_X
235_Allapsidae_X;Eukaryota;Rhizaria;Cercozoa;Sarcomonadea;Glissomonadida;Allapsidae;Allapsidae_X;Allapsidae_X
236_Allapsidae_X;Eukaryota;Rhizaria;Cercozoa;Sarcomonadea;Glissomonadida;Allapsidae;Allapsidae_X;Allapsidae_X
237_Allapsidae_X;Eukaryota;Rhizaria;Cercozoa;Sarcomonadea;Glissomonadida;Allapsidae;Allapsidae_X;Allapsidae_X
238_Allapsidae_X;Eukaryota;Rhizaria;Cercozoa;Sarcomonadea;Glissomonadida;Allapsidae;Allapsidae_X;Allapsidae_X
239_Allapsidae_X;Eukaryota;Rhizaria;Cercozoa;Sarcomonadea;Glissomonadida;Allapsidae;Allapsidae_X;Allapsidae_X
240_Allapsidae_X;Eukaryota;Rhizaria;Cercozoa;Sarcomonadea;Glissomonadida;Allapsidae;Allapsidae_X;Allapsidae_X
241_Allapsidae_X;Eukaryota;Rhizaria;Cercozoa;Sarcomonadea;Glissomonadida;Allapsidae;Allapsidae_X;Allapsidae_X
242_Allapsidae_X;Eukaryota;Rhizaria;Cercozoa;Sarcomonadea;Glissomonadida;Allapsidae;Allapsidae_X;Allapsidae_X
243_Allapsidae_X;Eukaryota;Rhizaria;Cercozoa;Sarcomonadea;Glissomonadida;Allapsidae;Allapsidae_X;Allapsidae_X
244_Allapsidae_X;Eukaryota;Rhizaria;Cercozoa;Sarcomonadea;Glissomonadida;Allapsidae;Allapsidae_X;Allapsidae_X
245_Allapsidae_X;Eukaryota;Rhizaria;Cercozoa;Sarcomonadea;Glissomonadida;Allapsidae;Allapsidae_X;Allapsidae_X
246_Allapsidae_X;Eukaryota;Rhizaria;Cercozoa;Sarcomonadea;Glissomonadida;Allapsidae;Allapsidae_X;Allapsidae_X
247_Allapsidae_X;Eukaryota;Rhizaria;Cercozoa;Sarcomonadea;Glissomonadida;Allapsidae;Allapsidae_X;Allapsidae_X
248_Allapsidae_X;Eukaryota;Rhizaria;Cercozoa;Sarcomonadea;Glissomonadida;Allapsidae;Allapsidae_X;Allapsidae_X
249_Allapsidae_X;Eukaryota;Rhizaria;Cercozoa;Sarcomonadea;Glissomonadida;Allapsidae;Allapsidae_X;Allapsidae_X
250_Allapsidae_X;Eukaryota;Rhizaria;Cercozoa;Sarcomonadea;Glissomonadida;Allapsidae;Allapsidae_X;Allapsidae_X
251_Allapsidae_X;Eukaryota;Rhizaria;Cercozoa;Sarcomonadea;Glissomonadida;Allapsidae;Allapsidae_X;Allapsidae_X
252_Allapsidae_X;Eukaryota;Rhizaria;Cercozoa;Sarcomonadea;Glissomonadida;Allapsidae;Allapsidae_X;Allapsidae_X
253_Allapsidae_X;Eukaryota;Rhizaria;Cercozoa;Sarcomonadea;Glissomonadida;Allapsidae;Allapsidae_X;Allapsidae_X
254_Allapsidae_X;Eukaryota;Rhizaria;Cercozoa;Sarcomonadea;Glissomonadida;Allapsidae;Allapsidae_X;Allapsidae_X
255_Allapsidae_X;Eukaryota;Rhizaria;Cercozoa;Sarcomonadea;Glissomonadida;Allapsidae;Allapsidae_X;Allapsidae_X
256_Allapsidae_X;Eukaryota;Rhizaria;Cercozoa;Sarcomonadea;Glissomonadida;Allapsidae;Allapsidae_X;Allapsidae_X
257_Allapsidae_X;Eukaryota;Rhizaria;Cercozoa;Sarcomonadea;Glissomonadida;Allapsidae;Allapsidae_X;Allapsidae_X
258_Allapsidae_X;Eukaryota;Rhizaria;Cercozoa;Sarcomonadea;Glissomonadida;Allapsidae;Allapsidae_X;Allapsidae_X
259_Allapsidae_X;Eukaryota;Rhizaria;Cercozoa;Sarcomonadea;Glissomonadida;Allapsidae;Allapsidae_X;Allapsidae_X
260_Allapsidae_X;Eukaryota;Rhizaria;Cercozoa;Sarcomonadea;Glissomonadida;Allapsidae;Allapsidae_X;Allapsidae_X
261_Allapsidae_X;Eukaryota;Rhizaria;Cercozoa;Sarcomonadea;Glissomonadida;Allapsidae;Allapsidae_X;Allapsidae_X
262_Allapsidae_X;Eukaryota;Rhizaria;Cercozoa;Sarcomonadea;Glissomonadida;Allapsidae;Allapsidae_X;Allapsidae_X
263_Allapsidae_X;Eukaryota;Rhizaria;Cercozoa;Sarcomonadea;Glissomonadida;Allapsidae;Allapsidae_X;Allapsidae_X
264_Allapsidae_X;Eukaryota;Rhizaria;Cercozoa;Sarcomonadea;Glissomonadida;Allapsidae;Allapsidae_X;Allapsidae_X
265_Allapsidae_X;Eukaryota;Rhizaria;Cercozoa;Sarcomonadea;Glissomonadida;Allapsidae;Allapsidae_X;Allapsidae_X
266_Allapsidae_X;Eukaryota;Rhizaria;Cercozoa;Sarcomonadea;Glissomonadida;Allapsidae;Allapsidae_X;Allapsidae_X
267_Allapsidae_X;Eukaryota;Rhizaria;Cercozoa;Sarcomonadea;Glissomonadida;Allapsidae;Allapsidae_X;Allapsidae_X
268_Allapsidae_X;Eukaryota;Rhizaria;Cercozoa;Sarcomonadea;Glissomonadida;Allapsidae;Allapsidae_X;Allapsidae_X
269_Allapsidae_X;Eukaryota;Rhizaria;Cercozoa;Sarcomonadea;Glissomonadida;Allapsidae;Allapsidae_X;Allapsidae_X
270_Allapsidae_X;Eukaryota;Rhizaria;Cercozoa;Sarcomonadea;Glissomonadida;Allapsidae;Allapsidae_X;Allapsidae_X
271_Allapsidae_X;Eukaryota;Rhizaria;Cercozoa;Sarcomonadea;Glissomonadida;Allapsidae;Allapsidae_X;Allapsidae_X
272_Allapsidae_X;Eukaryota;Rhizaria;Cercozoa;Sarcomonadea;Glissomonadida;Allapsidae;Allapsidae_X;Allapsidae_X
273_Allapsidae_X;Eukaryota;Rhizaria;Cercozoa;Sarcomonadea;Glissomonadida;Allapsidae;Allapsidae_X;Allapsidae_X
274_Allapsidae_X;Eukaryota;Rhizaria;Cercozoa;Sarcomonadea;Glissomonadida;Allapsidae;Allapsidae_X;Allapsidae_X
275_Allapsidae_X;Eukaryota;Rhizaria;Cercozoa;Sarcomonadea;Glissomonadida;Allapsidae;Allapsidae_X;Allapsidae_X
276_Allapsidae_X;Eukaryota;Rhizaria;Cercozoa;Sarcomonadea;Glissomonadida;Allapsidae;Allapsidae_X;Allapsidae_X
277_Allapsidae_X;Eukaryota;Rhizaria;Cercozoa;Sarcomonadea;Glissomonadida;Allapsidae;Allapsidae_X;Allapsidae_X
278_Allapsidae_X;Eukaryota;Rhizaria;Cercozoa;Sarcomonadea;Glissomonadida;Allapsidae;Allapsidae_X;Allapsidae_X
279_Group-Te_sp;Eukaryota;Rhizaria;Cercozoa;Sarcomonadea;Glissomonadida;Allapsidae;Group-Te;Group-Te_sp
280_Group-Te_sp;Eukaryota;Rhizaria;Cercozoa;Sarcomonadea;Glissomonadida;Allapsidae;Group-Te;Group-Te_sp
281_Group_Te_sp;Eukaryota;Rhizaria;Cercozoa;Sarcomonadea;Glissomonadida;Allapsidae;Group-Te;Group_Te_sp
282_Group_Te_sp;Eukaryota;Rhizaria;Cercozoa;Sarcomonadea;Glissomonadida;Allapsidae;Group-Te;Group_Te_sp
283_Group_Te_sp;Eukaryota;Rhizaria;Cercozoa;Sarcomonadea;Glissomonadida;Allapsidae;Group-Te;Group_Te_sp
284_Group_Te_sp;Eukaryota;Rhizaria;Cercozoa;Sarcomonadea;Glissomonadida;Allapsidae;Group-Te;Group_Te_sp
285_Group_Te_sp;Eukaryota;Rhizaria;Cercozoa;Sarcomonadea;Glissomonadida;Allapsidae;Group-Te;Group_Te_sp
286_Group_Te_sp;Eukaryota;Rhizaria;Cercozoa;Sarcomonadea;Glissomonadida;Allapsidae;Group-Te;Group_Te_sp
287_Group_Te_sp;Eukaryota;Rhizaria;Cercozoa;Sarcomonadea;Glissomonadida;Allapsidae;Group-Te;Group_Te_sp
288_Group_Te_sp;Eukaryota;Rhizaria;Cercozoa;Sarcomonadea;Glissomonadida;Allapsidae;Group-Te;Group_Te_sp
289_Group_Te_sp;Eukaryota;Rhizaria;Cercozoa;Sarcomonadea;Glissomonadida;Allapsidae;Group-Te;Group_Te_sp
290_Group_Te_sp;Eukaryota;Rhizaria;Cercozoa;Sarcomonadea;Glissomonadida;Allapsidae;Group-Te;Group_Te_sp
291_Group_Te_sp;Eukaryota;Rhizaria;Cercozoa;Sarcomonadea;Glissomonadida;Allapsidae;Group-Te;Group_Te_sp
292_Group_Te_sp;Eukaryota;Rhizaria;Cercozoa;Sarcomonadea;Glissomonadida;Allapsidae;Group-Te;Group_Te_sp
293_Group_Te_sp;Eukaryota;Rhizaria;Cercozoa;Sarcomonadea;Glissomonadida;Allapsidae;Group-Te;Group_Te_sp
294_Group_Te_sp;Eukaryota;Rhizaria;Cercozoa;Sarcomonadea;Glissomonadida;Allapsidae;Group-Te;Group_Te_sp
295_Group_Te_sp;Eukaryota;Rhizaria;Cercozoa;Sarcomonadea;Glissomonadida;Allapsidae;Group-Te;Group_Te_sp
296_Teretomonas_rotunda;Eukaryota;Rhizaria;Cercozoa;Sarcomonadea;Glissomonadida;Allapsidae;Teretomonas;Teretomonas_rotunda
297_Teretomonas_rotunda;Eukaryota;Rhizaria;Cercozoa;Sarcomonadea;Glissomonadida;Allapsidae;Teretomonas;Teretomonas_rotunda
298_Teretomonas_rotunda;Eukaryota;Rhizaria;Cercozoa;Sarcomonadea;Glissomonadida;Allapsidae;Teretomonas;Teretomonas_rotunda
299_Viridiraptor_invadens;Eukaryota;Rhizaria;Cercozoa;Sarcomonadea;Glissomonadida;Allapsidae;Viridiraptor;Viridiraptor_invadens
300_Viridiraptor_invadens;Eukaryota;Rhizaria;Cercozoa;Sarcomonadea;Glissomonadida;Allapsidae;Viridiraptor;Viridiraptor_invadens
301_Viridiraptor_invadens;Eukaryota;Rhizaria;Cercozoa;Sarcomonadea;Glissomonadida;Allapsidae;Viridiraptor;Viridiraptor_invadens
302_Bodomorpha_minima;Eukaryota;Rhizaria;Cercozoa;Sarcomonadea;Glissomonadida;Bodomorphidae;Bodomorpha;Bodomorpha_minima
303_Bodomorpha_minima;Eukaryota;Rhizaria;Cercozoa;Sarcomonadea;Glissomonadida;Bodomorphidae;Bodomorpha;Bodomorpha_minima
304_Bodomorpha_sp;Eukaryota;Rhizaria;Cercozoa;Sarcomonadea;Glissomonadida;Bodomorphidae;Bodomorpha;Bodomorpha_sp
305_Bodomorpha_sp;Eukaryota;Rhizaria;Cercozoa;Sarcomonadea;Glissomonadida;Bodomorphidae;Bodomorpha;Bodomorpha_sp
306_Bodomorpha_sp;Eukaryota;Rhizaria;Cercozoa;Sarcomonadea;Glissomonadida;Bodomorphidae;Bodomorpha;Bodomorpha_sp
307_Bodomorpha_sp;Eukaryota;Rhizaria;Cercozoa;Sarcomonadea;Glissomonadida;Bodomorphidae;Bodomorpha;Bodomorpha_sp
308_Bodomorpha_sp;Eukaryota;Rhizaria;Cercozoa;Sarcomonadea;Glissomonadida;Bodomorphidae;Bodomorpha;Bodomorpha_sp
309_Bodomorpha_sp;Eukaryota;Rhizaria;Cercozoa;Sarcomonadea;Glissomonadida;Bodomorphidae;Bodomorpha;Bodomorpha_sp
310_Bodomorpha_sp;Eukaryota;Rhizaria;Cercozoa;Sarcomonadea;Glissomonadida;Bodomorphidae;Bodomorpha;Bodomorpha_sp
311_Bodomorpha_sp;Eukaryota;Rhizaria;Cercozoa;Sarcomonadea;Glissomonadida;Bodomorphidae;Bodomorpha;Bodomorpha_sp
312_Bodomorpha_sp;Eukaryota;Rhizaria;Cercozoa;Sarcomonadea;Glissomonadida;Bodomorphidae;Bodomorpha;Bodomorpha_sp
313_Bodomorpha_sp;Eukaryota;Rhizaria;Cercozoa;Sarcomonadea;Glissomonadida;Bodomorphidae;Bodomorpha;Bodomorpha_sp
314_Bodomorpha_sp;Eukaryota;Rhizaria;Cercozoa;Sarcomonadea;Glissomonadida;Bodomorphidae;Bodomorpha;Bodomorpha_sp
315_Bodomorpha_sp;Eukaryota;Rhizaria;Cercozoa;Sarcomonadea;Glissomonadida;Bodomorphidae;Bodomorpha;Bodomorpha_sp
316_Bodomorpha_sp;Eukaryota;Rhizaria;Cercozoa;Sarcomonadea;Glissomonadida;Bodomorphidae;Bodomorpha;Bodomorpha_sp
317_Bodomorpha_sp;Eukaryota;Rhizaria;Cercozoa;Sarcomonadea;Glissomonadida;Bodomorphidae;Bodomorpha;Bodomorpha_sp
318_Bodomorpha_sp;Eukaryota;Rhizaria;Cercozoa;Sarcomonadea;Glissomonadida;Bodomorphidae;Bodomorpha;Bodomorpha_sp
319_Bodomorpha_sp;Eukaryota;Rhizaria;Cercozoa;Sarcomonadea;Glissomonadida;Bodomorphidae;Bodomorpha;Bodomorpha_sp
320_Bodomorpha_sp;Eukaryota;Rhizaria;Cercozoa;Sarcomonadea;Glissomonadida;Bodomorphidae;Bodomorpha;Bodomorpha_sp
321_Dujardina_stenomorpha;Eukaryota;Rhizaria;Cercozoa;Sarcomonadea;Glissomonadida;Dujardinidae;Dujardina;Dujardina_stenomorpha
322_Dujardina_stenomorpha;Eukaryota;Rhizaria;Cercozoa;Sarcomonadea;Glissomonadida;Dujardinidae;Dujardina;Dujardina_stenomorpha
323_Glissomonadida_Clade-Y_X;Eukaryota;Rhizaria;Cercozoa;Sarcomonadea;Glissomonadida;Glissomonadida_Clade-Y;Glissomonadida_Clade-Y_X;Glissomonadida_Clade-Y_X
324_Glissomonadida_Clade-Y_X;Eukaryota;Rhizaria;Cercozoa;Sarcomonadea;Glissomonadida;Glissomonadida_Clade-Y;Glissomonadida_Clade-Y_X;Glissomonadida_Clade-Y_X
325_Glissomonadida_XX_sp;Eukaryota;Rhizaria;Cercozoa;Sarcomonadea;Glissomonadida;Glissomonadida_X;Glissomonadida_XX;Glissomonadida_XX_sp
326_Glissomonadida_XX_sp;Eukaryota;Rhizaria;Cercozoa;Sarcomonadea;Glissomonadida;Glissomonadida_X;Glissomonadida_XX;Glissomonadida_XX_sp
327_Glissomonadida_XX_sp;Eukaryota;Rhizaria;Cercozoa;Sarcomonadea;Glissomonadida;Glissomonadida_X;Glissomonadida_XX;Glissomonadida_XX_sp
328_Glissomonadida_XX_sp;Eukaryota;Rhizaria;Cercozoa;Sarcomonadea;Glissomonadida;Glissomonadida_X;Glissomonadida_XX;Glissomonadida_XX_sp
329_Glissomonadida_XX_sp;Eukaryota;Rhizaria;Cercozoa;Sarcomonadea;Glissomonadida;Glissomonadida_X;Glissomonadida_XX;Glissomonadida_XX_sp
330_Glissomonadida_XX_sp;Eukaryota;Rhizaria;Cercozoa;Sarcomonadea;Glissomonadida;Glissomonadida_X;Glissomonadida_XX;Glissomonadida_XX_sp
331_Glissomonadida_XX_sp;Eukaryota;Rhizaria;Cercozoa;Sarcomonadea;Glissomonadida;Glissomonadida_X;Glissomonadida_XX;Glissomonadida_XX_sp
332_Glissomonadida_XX_sp;Eukaryota;Rhizaria;Cercozoa;Sarcomonadea;Glissomonadida;Glissomonadida_X;Glissomonadida_XX;Glissomonadida_XX_sp
333_Glissomonadida_XX_sp;Eukaryota;Rhizaria;Cercozoa;Sarcomonadea;Glissomonadida;Glissomonadida_X;Glissomonadida_XX;Glissomonadida_XX_sp
334_Glissomonadida_XX_sp;Eukaryota;Rhizaria;Cercozoa;Sarcomonadea;Glissomonadida;Glissomonadida_X;Glissomonadida_XX;Glissomonadida_XX_sp
335_Glissomonadida_XX_sp;Eukaryota;Rhizaria;Cercozoa;Sarcomonadea;Glissomonadida;Glissomonadida_X;Glissomonadida_XX;Glissomonadida_XX_sp
336_Glissomonadida_XX_sp;Eukaryota;Rhizaria;Cercozoa;Sarcomonadea;Glissomonadida;Glissomonadida_X;Glissomonadida_XX;Glissomonadida_XX_sp
337_Glissomonadida_XX_sp;Eukaryota;Rhizaria;Cercozoa;Sarcomonadea;Glissomonadida;Glissomonadida_X;Glissomonadida_XX;Glissomonadida_XX_sp
338_Glissomonadida_XX_sp;Eukaryota;Rhizaria;Cercozoa;Sarcomonadea;Glissomonadida;Glissomonadida_X;Glissomonadida_XX;Glissomonadida_XX_sp
339_Glissomonadida_XX_sp;Eukaryota;Rhizaria;Cercozoa;Sarcomonadea;Glissomonadida;Glissomonadida_X;Glissomonadida_XX;Glissomonadida_XX_sp
340_Glissomonadida_XX_sp;Eukaryota;Rhizaria;Cercozoa;Sarcomonadea;Glissomonadida;Glissomonadida_X;Glissomonadida_XX;Glissomonadida_XX_sp
341_Glissomonadida_XX_sp;Eukaryota;Rhizaria;Cercozoa;Sarcomonadea;Glissomonadida;Glissomonadida_X;Glissomonadida_XX;Glissomonadida_XX_sp
342_Glissomonadida_XX_sp;Eukaryota;Rhizaria;Cercozoa;Sarcomonadea;Glissomonadida;Glissomonadida_X;Glissomonadida_XX;Glissomonadida_XX_sp
343_Glissomonadida_XX_sp;Eukaryota;Rhizaria;Cercozoa;Sarcomonadea;Glissomonadida;Glissomonadida_X;Glissomonadida_XX;Glissomonadida_XX_sp
344_Glissomonadida_XX_sp;Eukaryota;Rhizaria;Cercozoa;Sarcomonadea;Glissomonadida;Glissomonadida_X;Glissomonadida_XX;Glissomonadida_XX_sp
345_Glissomonadida_XX_sp;Eukaryota;Rhizaria;Cercozoa;Sarcomonadea;Glissomonadida;Glissomonadida_X;Glissomonadida_XX;Glissomonadida_XX_sp
346_Glissomonadida_XX_sp;Eukaryota;Rhizaria;Cercozoa;Sarcomonadea;Glissomonadida;Glissomonadida_X;Glissomonadida_XX;Glissomonadida_XX_sp
347_Glissomonadida_XX_sp;Eukaryota;Rhizaria;Cercozoa;Sarcomonadea;Glissomonadida;Glissomonadida_X;Glissomonadida_XX;Glissomonadida_XX_sp
348_Glissomonadida_XX_sp;Eukaryota;Rhizaria;Cercozoa;Sarcomonadea;Glissomonadida;Glissomonadida_X;Glissomonadida_XX;Glissomonadida_XX_sp
349_Glissomonadida_XX_sp;Eukaryota;Rhizaria;Cercozoa;Sarcomonadea;Glissomonadida;Glissomonadida_X;Glissomonadida_XX;Glissomonadida_XX_sp
350_Glissomonadida_XX_sp;Eukaryota;Rhizaria;Cercozoa;Sarcomonadea;Glissomonadida;Glissomonadida_X;Glissomonadida_XX;Glissomonadida_XX_sp
351_Glissomonadida_XX_sp;Eukaryota;Rhizaria;Cercozoa;Sarcomonadea;Glissomonadida;Glissomonadida_X;Glissomonadida_XX;Glissomonadida_XX_sp
352_Glissomonadida_XX_sp;Eukaryota;Rhizaria;Cercozoa;Sarcomonadea;Glissomonadida;Glissomonadida_X;Glissomonadida_XX;Glissomonadida_XX_sp
353_Glissomonadida_XX_sp;Eukaryota;Rhizaria;Cercozoa;Sarcomonadea;Glissomonadida;Glissomonadida_X;Glissomonadida_XX;Glissomonadida_XX_sp
354_Glissomonadida_XX_sp;Eukaryota;Rhizaria;Cercozoa;Sarcomonadea;Glissomonadida;Glissomonadida_X;Glissomonadida_XX;Glissomonadida_XX_sp
355_Glissomonadida_XX_sp;Eukaryota;Rhizaria;Cercozoa;Sarcomonadea;Glissomonadida;Glissomonadida_X;Glissomonadida_XX;Glissomonadida_XX_sp
356_Glissomonadida_XX_sp;Eukaryota;Rhizaria;Cercozoa;Sarcomonadea;Glissomonadida;Glissomonadida_X;Glissomonadida_XX;Glissomonadida_XX_sp
357_Glissomonadida_XX_sp;Eukaryota;Rhizaria;Cercozoa;Sarcomonadea;Glissomonadida;Glissomonadida_X;Glissomonadida_XX;Glissomonadida_XX_sp
358_Glissomonadida_XX_sp;Eukaryota;Rhizaria;Cercozoa;Sarcomonadea;Glissomonadida;Glissomonadida_X;Glissomonadida_XX;Glissomonadida_XX_sp
359_Glissomonadida_XX_sp;Eukaryota;Rhizaria;Cercozoa;Sarcomonadea;Glissomonadida;Glissomonadida_X;Glissomonadida_XX;Glissomonadida_XX_sp
360_Glissomonadida_XX_sp;Eukaryota;Rhizaria;Cercozoa;Sarcomonadea;Glissomonadida;Glissomonadida_X;Glissomonadida_XX;Glissomonadida_XX_sp
361_Glissomonadida_XX_sp;Eukaryota;Rhizaria;Cercozoa;Sarcomonadea;Glissomonadida;Glissomonadida_X;Glissomonadida_XX;Glissomonadida_XX_sp
362_Glissomonadida_XX_sp;Eukaryota;Rhizaria;Cercozoa;Sarcomonadea;Glissomonadida;Glissomonadida_X;Glissomonadida_XX;Glissomonadida_XX_sp
363_Proleptomonas_faecicola;Eukaryota;Rhizaria;Cercozoa;Sarcomonadea;Glissomonadida;Proleptomonadidae;Proleptomonas;Proleptomonas_faecicola
364_Flectomonas_ekelundi;Eukaryota;Rhizaria;Cercozoa;Sarcomonadea;Glissomonadida;Sandonidae;Flectomonas;Flectomonas_ekelundi
365_Flectomonas_ekelundi;Eukaryota;Rhizaria;Cercozoa;Sarcomonadea;Glissomonadida;Sandonidae;Flectomonas;Flectomonas_ekelundi
366_Flectomonas_ekelundi;Eukaryota;Rhizaria;Cercozoa;Sarcomonadea;Glissomonadida;Sandonidae;Flectomonas;Flectomonas_ekelundi
367_Flectomonas_ekelundi;Eukaryota;Rhizaria;Cercozoa;Sarcomonadea;Glissomonadida;Sandonidae;Flectomonas;Flectomonas_ekelundi
368_Mollimonas_vickermani;Eukaryota;Rhizaria;Cercozoa;Sarcomonadea;Glissomonadida;Sandonidae;Mollimonas;Mollimonas_vickermani
369_Mollimonas_vickermani;Eukaryota;Rhizaria;Cercozoa;Sarcomonadea;Glissomonadida;Sandonidae;Mollimonas;Mollimonas_vickermani
370_Mollimonas_vickermani;Eukaryota;Rhizaria;Cercozoa;Sarcomonadea;Glissomonadida;Sandonidae;Mollimonas;Mollimonas_vickermani
371_Mollimonas_vickermani;Eukaryota;Rhizaria;Cercozoa;Sarcomonadea;Glissomonadida;Sandonidae;Mollimonas;Mollimonas_vickermani
372_Mollimonas_vickermani;Eukaryota;Rhizaria;Cercozoa;Sarcomonadea;Glissomonadida;Sandonidae;Mollimonas;Mollimonas_vickermani
373_Mollimonas_vickermani;Eukaryota;Rhizaria;Cercozoa;Sarcomonadea;Glissomonadida;Sandonidae;Mollimonas;Mollimonas_vickermani
374_Neoheteromita_globosa;Eukaryota;Rhizaria;Cercozoa;Sarcomonadea;Glissomonadida;Sandonidae;Neoheteromita;Neoheteromita_globosa
375_Neoheteromita_sp;Eukaryota;Rhizaria;Cercozoa;Sarcomonadea;Glissomonadida;Sandonidae;Neoheteromita;Neoheteromita_sp
376_Sandona_aporians;Eukaryota;Rhizaria;Cercozoa;Sarcomonadea;Glissomonadida;Sandonidae;Sandona;Sandona_aporians
377_Sandona_aporians;Eukaryota;Rhizaria;Cercozoa;Sarcomonadea;Glissomonadida;Sandonidae;Sandona;Sandona_aporians
378_Sandona_aporians;Eukaryota;Rhizaria;Cercozoa;Sarcomonadea;Glissomonadida;Sandonidae;Sandona;Sandona_aporians
379_Sandona_aporians;Eukaryota;Rhizaria;Cercozoa;Sarcomonadea;Glissomonadida;Sandonidae;Sandona;Sandona_aporians
380_Sandona_aporians;Eukaryota;Rhizaria;Cercozoa;Sarcomonadea;Glissomonadida;Sandonidae;Sandona;Sandona_aporians
381_Sandona_aporians;Eukaryota;Rhizaria;Cercozoa;Sarcomonadea;Glissomonadida;Sandonidae;Sandona;Sandona_aporians
382_Sandona_aporians;Eukaryota;Rhizaria;Cercozoa;Sarcomonadea;Glissomonadida;Sandonidae;Sandona;Sandona_aporians
383_Sandona_aporians;Eukaryota;Rhizaria;Cercozoa;Sarcomonadea;Glissomonadida;Sandonidae;Sandona;Sandona_aporians
384_Sandona_limna;Eukaryota;Rhizaria;Cercozoa;Sarcomonadea;Glissomonadida;Sandonidae;Sandona;Sandona_limna
385_Sandona_limna;Eukaryota;Rhizaria;Cercozoa;Sarcomonadea;Glissomonadida;Sandonidae;Sandona;Sandona_limna
386_Sandona_limna;Eukaryota;Rhizaria;Cercozoa;Sarcomonadea;Glissomonadida;Sandonidae;Sandona;Sandona_limna
387_Sandona_limna;Eukaryota;Rhizaria;Cercozoa;Sarcomonadea;Glissomonadida;Sandonidae;Sandona;Sandona_limna
388_Sandona_limna;Eukaryota;Rhizaria;Cercozoa;Sarcomonadea;Glissomonadida;Sandonidae;Sandona;Sandona_limna
389_Sandona_sp;Eukaryota;Rhizaria;Cercozoa;Sarcomonadea;Glissomonadida;Sandonidae;Sandona;Sandona_sp
390_Sandona_sp;Eukaryota;Rhizaria;Cercozoa;Sarcomonadea;Glissomonadida;Sandonidae;Sandona;Sandona_sp
391_Sandona_sp;Eukaryota;Rhizaria;Cercozoa;Sarcomonadea;Glissomonadida;Sandonidae;Sandona;Sandona_sp
392_Sandona_sp;Eukaryota;Rhizaria;Cercozoa;Sarcomonadea;Glissomonadida;Sandonidae;Sandona;Sandona_sp
393_Sandona_sp;Eukaryota;Rhizaria;Cercozoa;Sarcomonadea;Glissomonadida;Sandonidae;Sandona;Sandona_sp
394_Sandona_sp;Eukaryota;Rhizaria;Cercozoa;Sarcomonadea;Glissomonadida;Sandonidae;Sandona;Sandona_sp
395_Sandona_sp;Eukaryota;Rhizaria;Cercozoa;Sarcomonadea;Glissomonadida;Sandonidae;Sandona;Sandona_sp
396_Sandona_sp;Eukaryota;Rhizaria;Cercozoa;Sarcomonadea;Glissomonadida;Sandonidae;Sandona;Sandona_sp
397_Sandona_sp;Eukaryota;Rhizaria;Cercozoa;Sarcomonadea;Glissomonadida;Sandonidae;Sandona;Sandona_sp
398_Sandona_sp;Eukaryota;Rhizaria;Cercozoa;Sarcomonadea;Glissomonadida;Sandonidae;Sandona;Sandona_sp
399_Sandona_sp;Eukaryota;Rhizaria;Cercozoa;Sarcomonadea;Glissomonadida;Sandonidae;Sandona;Sandona_sp
400_Sandona_sp;Eukaryota;Rhizaria;Cercozoa;Sarcomonadea;Glissomonadida;Sandonidae;Sandona;Sandona_sp
401_Sandona_sp;Eukaryota;Rhizaria;Cercozoa;Sarcomonadea;Glissomonadida;Sandonidae;Sandona;Sandona_sp
402_Sandona_sp;Eukaryota;Rhizaria;Cercozoa;Sarcomonadea;Glissomonadida;Sandonidae;Sandona;Sandona_sp
403_Sandona_sp;Eukaryota;Rhizaria;Cercozoa;Sarcomonadea;Glissomonadida;Sandonidae;Sandona;Sandona_sp
404_Sandona_sp;Eukaryota;Rhizaria;Cercozoa;Sarcomonadea;Glissomonadida;Sandonidae;Sandona;Sandona_sp
405_Sandona_sp;Eukaryota;Rhizaria;Cercozoa;Sarcomonadea;Glissomonadida;Sandonidae;Sandona;Sandona_sp
406_Sandona_sp;Eukaryota;Rhizaria;Cercozoa;Sarcomonadea;Glissomonadida;Sandonidae;Sandona;Sandona_sp
407_Sandona_sp;Eukaryota;Rhizaria;Cercozoa;Sarcomonadea;Glissomonadida;Sandonidae;Sandona;Sandona_sp
408_Sandona_sp;Eukaryota;Rhizaria;Cercozoa;Sarcomonadea;Glissomonadida;Sandonidae;Sandona;Sandona_sp
409_Sandona_sp;Eukaryota;Rhizaria;Cercozoa;Sarcomonadea;Glissomonadida;Sandonidae;Sandona;Sandona_sp
410_Sandona_sp;Eukaryota;Rhizaria;Cercozoa;Sarcomonadea;Glissomonadida;Sandonidae;Sandona;Sandona_sp
411_Sandona_sp;Eukaryota;Rhizaria;Cercozoa;Sarcomonadea;Glissomonadida;Sandonidae;Sandona;Sandona_sp
412_Sandona_sp;Eukaryota;Rhizaria;Cercozoa;Sarcomonadea;Glissomonadida;Sandonidae;Sandona;Sandona_sp
413_Sandona_sp;Eukaryota;Rhizaria;Cercozoa;Sarcomonadea;Glissomonadida;Sandonidae;Sandona;Sandona_sp
414_Sandona_sp;Eukaryota;Rhizaria;Cercozoa;Sarcomonadea;Glissomonadida;Sandonidae;Sandona;Sandona_sp
415_Sandona_sp;Eukaryota;Rhizaria;Cercozoa;Sarcomonadea;Glissomonadida;Sandonidae;Sandona;Sandona_sp
416_Sandona_sp;Eukaryota;Rhizaria;Cercozoa;Sarcomonadea;Glissomonadida;Sandonidae;Sandona;Sandona_sp
417_Sandona_sp;Eukaryota;Rhizaria;Cercozoa;Sarcomonadea;Glissomonadida;Sandonidae;Sandona;Sandona_sp
418_Sandona_sp;Eukaryota;Rhizaria;Cercozoa;Sarcomonadea;Glissomonadida;Sandonidae;Sandona;Sandona_sp
419_Sandona_sp;Eukaryota;Rhizaria;Cercozoa;Sarcomonadea;Glissomonadida;Sandonidae;Sandona;Sandona_sp
420_Sandona_sp;Eukaryota;Rhizaria;Cercozoa;Sarcomonadea;Glissomonadida;Sandonidae;Sandona;Sandona_sp
421_Sandonidae_Clade_NF-A_sp;Eukaryota;Rhizaria;Cercozoa;Sarcomonadea;Glissomonadida;Sandonidae;Sandonidae_Clade-NF-A;Sandonidae_Clade_NF-A_sp
422_Sandonidae_X;Eukaryota;Rhizaria;Cercozoa;Sarcomonadea;Glissomonadida;Sandonidae;Sandonidae_X;Sandonidae_X
423_Sandonidae_X;Eukaryota;Rhizaria;Cercozoa;Sarcomonadea;Glissomonadida;Sandonidae;Sandonidae_X;Sandonidae_X
424_Sandonidae_X;Eukaryota;Rhizaria;Cercozoa;Sarcomonadea;Glissomonadida;Sandonidae;Sandonidae_X;Sandonidae_X
425_Sandonidae_X;Eukaryota;Rhizaria;Cercozoa;Sarcomonadea;Glissomonadida;Sandonidae;Sandonidae_X;Sandonidae_X
426_Sandonidae_X;Eukaryota;Rhizaria;Cercozoa;Sarcomonadea;Glissomonadida;Sandonidae;Sandonidae_X;Sandonidae_X
427_Sandonidae_X;Eukaryota;Rhizaria;Cercozoa;Sarcomonadea;Glissomonadida;Sandonidae;Sandonidae_X;Sandonidae_X
428_Sandonidae_X;Eukaryota;Rhizaria;Cercozoa;Sarcomonadea;Glissomonadida;Sandonidae;Sandonidae_X;Sandonidae_X
429_Sandonidae_X;Eukaryota;Rhizaria;Cercozoa;Sarcomonadea;Glissomonadida;Sandonidae;Sandonidae_X;Sandonidae_X
430_Sandonidae_X;Eukaryota;Rhizaria;Cercozoa;Sarcomonadea;Glissomonadida;Sandonidae;Sandonidae_X;Sandonidae_X
431_Sandonidae_X;Eukaryota;Rhizaria;Cercozoa;Sarcomonadea;Glissomonadida;Sandonidae;Sandonidae_X;Sandonidae_X
432_Sandonidae_X;Eukaryota;Rhizaria;Cercozoa;Sarcomonadea;Glissomonadida;Sandonidae;Sandonidae_X;Sandonidae_X
433_Sandonidae_X;Eukaryota;Rhizaria;Cercozoa;Sarcomonadea;Glissomonadida;Sandonidae;Sandonidae_X;Sandonidae_X
434_Sandonidae_X;Eukaryota;Rhizaria;Cercozoa;Sarcomonadea;Glissomonadida;Sandonidae;Sandonidae_X;Sandonidae_X
435_Sandonidae_X;Eukaryota;Rhizaria;Cercozoa;Sarcomonadea;Glissomonadida;Sandonidae;Sandonidae_X;Sandonidae_X
436_Sandonidae_X;Eukaryota;Rhizaria;Cercozoa;Sarcomonadea;Glissomonadida;Sandonidae;Sandonidae_X;Sandonidae_X
437_Sandonidae_X;Eukaryota;Rhizaria;Cercozoa;Sarcomonadea;Glissomonadida;Sandonidae;Sandonidae_X;Sandonidae_X
438_Sandonidae_X;Eukaryota;Rhizaria;Cercozoa;Sarcomonadea;Glissomonadida;Sandonidae;Sandonidae_X;Sandonidae_X
439_Sandonidae_X;Eukaryota;Rhizaria;Cercozoa;Sarcomonadea;Glissomonadida;Sandonidae;Sandonidae_X;Sandonidae_X
440_Sandonidae_X;Eukaryota;Rhizaria;Cercozoa;Sarcomonadea;Glissomonadida;Sandonidae;Sandonidae_X;Sandonidae_X
441_Sandonidae_X;Eukaryota;Rhizaria;Cercozoa;Sarcomonadea;Glissomonadida;Sandonidae;Sandonidae_X;Sandonidae_X
442_Sandonidae_X;Eukaryota;Rhizaria;Cercozoa;Sarcomonadea;Glissomonadida;Sandonidae;Sandonidae_X;Sandonidae_X
443_Sandonidae_X;Eukaryota;Rhizaria;Cercozoa;Sarcomonadea;Glissomonadida;Sandonidae;Sandonidae_X;Sandonidae_X
444_Sandonidae_X;Eukaryota;Rhizaria;Cercozoa;Sarcomonadea;Glissomonadida;Sandonidae;Sandonidae_X;Sandonidae_X
445_Sandonidae_X;Eukaryota;Rhizaria;Cercozoa;Sarcomonadea;Glissomonadida;Sandonidae;Sandonidae_X;Sandonidae_X
446_Sandonidae_X;Eukaryota;Rhizaria;Cercozoa;Sarcomonadea;Glissomonadida;Sandonidae;Sandonidae_X;Sandonidae_X
447_Sandonidae_X;Eukaryota;Rhizaria;Cercozoa;Sarcomonadea;Glissomonadida;Sandonidae;Sandonidae_X;Sandonidae_X
448_Sandonidae_X;Eukaryota;Rhizaria;Cercozoa;Sarcomonadea;Glissomonadida;Sandonidae;Sandonidae_X;Sandonidae_X
449_Sandonidae_X;Eukaryota;Rhizaria;Cercozoa;Sarcomonadea;Glissomonadida;Sandonidae;Sandonidae_X;Sandonidae_X
450_Sandonidae_X;Eukaryota;Rhizaria;Cercozoa;Sarcomonadea;Glissomonadida;Sandonidae;Sandonidae_X;Sandonidae_X
451_Sandonidae_X;Eukaryota;Rhizaria;Cercozoa;Sarcomonadea;Glissomonadida;Sandonidae;Sandonidae_X;Sandonidae_X
452_Sandonidae_X;Eukaryota;Rhizaria;Cercozoa;Sarcomonadea;Glissomonadida;Sandonidae;Sandonidae_X;Sandonidae_X
453_Sandonidae_X;Eukaryota;Rhizaria;Cercozoa;Sarcomonadea;Glissomonadida;Sandonidae;Sandonidae_X;Sandonidae_X
454_Sandonidae_X;Eukaryota;Rhizaria;Cercozoa;Sarcomonadea;Glissomonadida;Sandonidae;Sandonidae_X;Sandonidae_X
455_Sandonidae_X;Eukaryota;Rhizaria;Cercozoa;Sarcomonadea;Glissomonadida;Sandonidae;Sandonidae_X;Sandonidae_X
456_Sandonidae_X;Eukaryota;Rhizaria;Cercozoa;Sarcomonadea;Glissomonadida;Sandonidae;Sandonidae_X;Sandonidae_X
457_Sandonidae_X;Eukaryota;Rhizaria;Cercozoa;Sarcomonadea;Glissomonadida;Sandonidae;Sandonidae_X;Sandonidae_X
458_Sandonidae_X;Eukaryota;Rhizaria;Cercozoa;Sarcomonadea;Glissomonadida;Sandonidae;Sandonidae_X;Sandonidae_X
459_Sandonidae_X;Eukaryota;Rhizaria;Cercozoa;Sarcomonadea;Glissomonadida;Sandonidae;Sandonidae_X;Sandonidae_X
460_Sandonidae_X;Eukaryota;Rhizaria;Cercozoa;Sarcomonadea;Glissomonadida;Sandonidae;Sandonidae_X;Sandonidae_X
461_Sandonidae_X;Eukaryota;Rhizaria;Cercozoa;Sarcomonadea;Glissomonadida;Sandonidae;Sandonidae_X;Sandonidae_X
462_Sandonidae_X;Eukaryota;Rhizaria;Cercozoa;Sarcomonadea;Glissomonadida;Sandonidae;Sandonidae_X;Sandonidae_X
463_Sandonidae_X;Eukaryota;Rhizaria;Cercozoa;Sarcomonadea;Glissomonadida;Sandonidae;Sandonidae_X;Sandonidae_X
464_Sandonidae_X;Eukaryota;Rhizaria;Cercozoa;Sarcomonadea;Glissomonadida;Sandonidae;Sandonidae_X;Sandonidae_X
465_Sandonidae_X;Eukaryota;Rhizaria;Cercozoa;Sarcomonadea;Glissomonadida;Sandonidae;Sandonidae_X;Sandonidae_X
466_Sandonidae_X;Eukaryota;Rhizaria;Cercozoa;Sarcomonadea;Glissomonadida;Sandonidae;Sandonidae_X;Sandonidae_X
467_Sandonidae_X;Eukaryota;Rhizaria;Cercozoa;Sarcomonadea;Glissomonadida;Sandonidae;Sandonidae_X;Sandonidae_X
468_Sandonidae_X;Eukaryota;Rhizaria;Cercozoa;Sarcomonadea;Glissomonadida;Sandonidae;Sandonidae_X;Sandonidae_X
469_Sandonidae_X;Eukaryota;Rhizaria;Cercozoa;Sarcomonadea;Glissomonadida;Sandonidae;Sandonidae_X;Sandonidae_X
470_Sandonidae_X;Eukaryota;Rhizaria;Cercozoa;Sarcomonadea;Glissomonadida;Sandonidae;Sandonidae_X;Sandonidae_X
471_Sandonidae_X;Eukaryota;Rhizaria;Cercozoa;Sarcomonadea;Glissomonadida;Sandonidae;Sandonidae_X;Sandonidae_X
472_Sandonidae_X;Eukaryota;Rhizaria;Cercozoa;Sarcomonadea;Glissomonadida;Sandonidae;Sandonidae_X;Sandonidae_X
473_Sandonidae_X;Eukaryota;Rhizaria;Cercozoa;Sarcomonadea;Glissomonadida;Sandonidae;Sandonidae_X;Sandonidae_X
474_Sandonidae_X;Eukaryota;Rhizaria;Cercozoa;Sarcomonadea;Glissomonadida;Sandonidae;Sandonidae_X;Sandonidae_X
475_Sandonidae_X;Eukaryota;Rhizaria;Cercozoa;Sarcomonadea;Glissomonadida;Sandonidae;Sandonidae_X;Sandonidae_X
476_Sandonidae_X;Eukaryota;Rhizaria;Cercozoa;Sarcomonadea;Glissomonadida;Sandonidae;Sandonidae_X;Sandonidae_X
477_Sandonidae_X;Eukaryota;Rhizaria;Cercozoa;Sarcomonadea;Glissomonadida;Sandonidae;Sandonidae_X;Sandonidae_X
478_Sandonidae_X;Eukaryota;Rhizaria;Cercozoa;Sarcomonadea;Glissomonadida;Sandonidae;Sandonidae_X;Sandonidae_X
479_Sandonidae_X;Eukaryota;Rhizaria;Cercozoa;Sarcomonadea;Glissomonadida;Sandonidae;Sandonidae_X;Sandonidae_X
480_Sandonidae_X;Eukaryota;Rhizaria;Cercozoa;Sarcomonadea;Glissomonadida;Sandonidae;Sandonidae_X;Sandonidae_X
481_Sandonidae_X;Eukaryota;Rhizaria;Cercozoa;Sarcomonadea;Glissomonadida;Sandonidae;Sandonidae_X;Sandonidae_X
482_Sandonidae_X;Eukaryota;Rhizaria;Cercozoa;Sarcomonadea;Glissomonadida;Sandonidae;Sandonidae_X;Sandonidae_X
483_Sandonidae_X;Eukaryota;Rhizaria;Cercozoa;Sarcomonadea;Glissomonadida;Sandonidae;Sandonidae_X;Sandonidae_X
484_Sandonidae_X;Eukaryota;Rhizaria;Cercozoa;Sarcomonadea;Glissomonadida;Sandonidae;Sandonidae_X;Sandonidae_X
485_Sandonidae_X;Eukaryota;Rhizaria;Cercozoa;Sarcomonadea;Glissomonadida;Sandonidae;Sandonidae_X;Sandonidae_X
486_Sandonidae_X;Eukaryota;Rhizaria;Cercozoa;Sarcomonadea;Glissomonadida;Sandonidae;Sandonidae_X;Sandonidae_X
487_Sandonidae_X;Eukaryota;Rhizaria;Cercozoa;Sarcomonadea;Glissomonadida;Sandonidae;Sandonidae_X;Sandonidae_X
488_Sandonidae_X;Eukaryota;Rhizaria;Cercozoa;Sarcomonadea;Glissomonadida;Sandonidae;Sandonidae_X;Sandonidae_X
489_Sandonidae_X;Eukaryota;Rhizaria;Cercozoa;Sarcomonadea;Glissomonadida;Sandonidae;Sandonidae_X;Sandonidae_X
490_Sandonidae_X;Eukaryota;Rhizaria;Cercozoa;Sarcomonadea;Glissomonadida;Sandonidae;Sandonidae_X;Sandonidae_X
491_Sandonidae_X;Eukaryota;Rhizaria;Cercozoa;Sarcomonadea;Glissomonadida;Sandonidae;Sandonidae_X;Sandonidae_X
492_Sandonidae_X;Eukaryota;Rhizaria;Cercozoa;Sarcomonadea;Glissomonadida;Sandonidae;Sandonidae_X;Sandonidae_X
493_Sandonidae_X;Eukaryota;Rhizaria;Cercozoa;Sarcomonadea;Glissomonadida;Sandonidae;Sandonidae_X;Sandonidae_X
494_Sandonidae_X;Eukaryota;Rhizaria;Cercozoa;Sarcomonadea;Glissomonadida;Sandonidae;Sandonidae_X;Sandonidae_X
495_Sandonidae_X;Eukaryota;Rhizaria;Cercozoa;Sarcomonadea;Glissomonadida;Sandonidae;Sandonidae_X;Sandonidae_X
496_Sandonidae_X;Eukaryota;Rhizaria;Cercozoa;Sarcomonadea;Glissomonadida;Sandonidae;Sandonidae_X;Sandonidae_X
497_Sandonidae_X;Eukaryota;Rhizaria;Cercozoa;Sarcomonadea;Glissomonadida;Sandonidae;Sandonidae_X;Sandonidae_X
498_Sandonidae_X;Eukaryota;Rhizaria;Cercozoa;Sarcomonadea;Glissomonadida;Sandonidae;Sandonidae_X;Sandonidae_X
499_Sandonidae_X;Eukaryota;Rhizaria;Cercozoa;Sarcomonadea;Glissomonadida;Sandonidae;Sandonidae_X;Sandonidae_X
500_Sandonidae_X;Eukaryota;Rhizaria;Cercozoa;Sarcomonadea;Glissomonadida;Sandonidae;Sandonidae_X;Sandonidae_X
501_Sandonidae_X;Eukaryota;Rhizaria;Cercozoa;Sarcomonadea;Glissomonadida;Sandonidae;Sandonidae_X;Sandonidae_X
502_Sandonidae_X;Eukaryota;Rhizaria;Cercozoa;Sarcomonadea;Glissomonadida;Sandonidae;Sandonidae_X;Sandonidae_X
503_Sandonidae_X;Eukaryota;Rhizaria;Cercozoa;Sarcomonadea;Glissomonadida;Sandonidae;Sandonidae_X;Sandonidae_X
504_Sandonidae_X;Eukaryota;Rhizaria;Cercozoa;Sarcomonadea;Glissomonadida;Sandonidae;Sandonidae_X;Sandonidae_X
505_Sandonidae_X;Eukaryota;Rhizaria;Cercozoa;Sarcomonadea;Glissomonadida;Sandonidae;Sandonidae_X;Sandonidae_X
506_Sandonidae_X;Eukaryota;Rhizaria;Cercozoa;Sarcomonadea;Glissomonadida;Sandonidae;Sandonidae_X;Sandonidae_X
507_Sandonidae_X;Eukaryota;Rhizaria;Cercozoa;Sarcomonadea;Glissomonadida;Sandonidae;Sandonidae_X;Sandonidae_X
508_Sandonidae_X;Eukaryota;Rhizaria;Cercozoa;Sarcomonadea;Glissomonadida;Sandonidae;Sandonidae_X;Sandonidae_X
509_Sandonidae_X;Eukaryota;Rhizaria;Cercozoa;Sarcomonadea;Glissomonadida;Sandonidae;Sandonidae_X;Sandonidae_X
510_Sandonidae_X;Eukaryota;Rhizaria;Cercozoa;Sarcomonadea;Glissomonadida;Sandonidae;Sandonidae_X;Sandonidae_X
511_Sandonidae_X;Eukaryota;Rhizaria;Cercozoa;Sarcomonadea;Glissomonadida;Sandonidae;Sandonidae_X;Sandonidae_X
512_Sandonidae_X;Eukaryota;Rhizaria;Cercozoa;Sarcomonadea;Glissomonadida;Sandonidae;Sandonidae_X;Sandonidae_X
513_Sandonidae_X;Eukaryota;Rhizaria;Cercozoa;Sarcomonadea;Glissomonadida;Sandonidae;Sandonidae_X;Sandonidae_X
514_Sandonidae_X;Eukaryota;Rhizaria;Cercozoa;Sarcomonadea;Glissomonadida;Sandonidae;Sandonidae_X;Sandonidae_X
515_Sandonidae_X;Eukaryota;Rhizaria;Cercozoa;Sarcomonadea;Glissomonadida;Sandonidae;Sandonidae_X;Sandonidae_X
516_Sandonidae_X;Eukaryota;Rhizaria;Cercozoa;Sarcomonadea;Glissomonadida;Sandonidae;Sandonidae_X;Sandonidae_X
517_Sandonidae_X;Eukaryota;Rhizaria;Cercozoa;Sarcomonadea;Glissomonadida;Sandonidae;Sandonidae_X;Sandonidae_X
518_Sandonidae_X;Eukaryota;Rhizaria;Cercozoa;Sarcomonadea;Glissomonadida;Sandonidae;Sandonidae_X;Sandonidae_X
519_Sandonidae_X;Eukaryota;Rhizaria;Cercozoa;Sarcomonadea;Glissomonadida;Sandonidae;Sandonidae_X;Sandonidae_X
520_Sandonidae_X;Eukaryota;Rhizaria;Cercozoa;Sarcomonadea;Glissomonadida;Sandonidae;Sandonidae_X;Sandonidae_X
521_Sandonidae_X;Eukaryota;Rhizaria;Cercozoa;Sarcomonadea;Glissomonadida;Sandonidae;Sandonidae_X;Sandonidae_X
522_Sandonidae_X;Eukaryota;Rhizaria;Cercozoa;Sarcomonadea;Glissomonadida;Sandonidae;Sandonidae_X;Sandonidae_X
523_Sandonidae_X;Eukaryota;Rhizaria;Cercozoa;Sarcomonadea;Glissomonadida;Sandonidae;Sandonidae_X;Sandonidae_X
524_Sandonidae_X;Eukaryota;Rhizaria;Cercozoa;Sarcomonadea;Glissomonadida;Sandonidae;Sandonidae_X;Sandonidae_X
525_Sandonidae_X;Eukaryota;Rhizaria;Cercozoa;Sarcomonadea;Glissomonadida;Sandonidae;Sandonidae_X;Sandonidae_X
526_Sandonidae_X;Eukaryota;Rhizaria;Cercozoa;Sarcomonadea;Glissomonadida;Sandonidae;Sandonidae_X;Sandonidae_X
527_Sandonidae_X;Eukaryota;Rhizaria;Cercozoa;Sarcomonadea;Glissomonadida;Sandonidae;Sandonidae_X;Sandonidae_X
528_Sandonidae_X;Eukaryota;Rhizaria;Cercozoa;Sarcomonadea;Glissomonadida;Sandonidae;Sandonidae_X;Sandonidae_X
529_Sandonidae_X;Eukaryota;Rhizaria;Cercozoa;Sarcomonadea;Glissomonadida;Sandonidae;Sandonidae_X;Sandonidae_X
530_Sandonidae_X;Eukaryota;Rhizaria;Cercozoa;Sarcomonadea;Glissomonadida;Sandonidae;Sandonidae_X;Sandonidae_X
531_Sandonidae_X;Eukaryota;Rhizaria;Cercozoa;Sarcomonadea;Glissomonadida;Sandonidae;Sandonidae_X;Sandonidae_X
532_Sandonidae_X;Eukaryota;Rhizaria;Cercozoa;Sarcomonadea;Glissomonadida;Sandonidae;Sandonidae_X;Sandonidae_X
533_Sandonidae_X;Eukaryota;Rhizaria;Cercozoa;Sarcomonadea;Glissomonadida;Sandonidae;Sandonidae_X;Sandonidae_X
534_Sandonidae_X;Eukaryota;Rhizaria;Cercozoa;Sarcomonadea;Glissomonadida;Sandonidae;Sandonidae_X;Sandonidae_X
535_Sandonidae_X;Eukaryota;Rhizaria;Cercozoa;Sarcomonadea;Glissomonadida;Sandonidae;Sandonidae_X;Sandonidae_X
536_Sandonidae_X;Eukaryota;Rhizaria;Cercozoa;Sarcomonadea;Glissomonadida;Sandonidae;Sandonidae_X;Sandonidae_X
537_Sandonidae_X;Eukaryota;Rhizaria;Cercozoa;Sarcomonadea;Glissomonadida;Sandonidae;Sandonidae_X;Sandonidae_X
538_Sandonidae_X;Eukaryota;Rhizaria;Cercozoa;Sarcomonadea;Glissomonadida;Sandonidae;Sandonidae_X;Sandonidae_X
539_Sandonidae_X;Eukaryota;Rhizaria;Cercozoa;Sarcomonadea;Glissomonadida;Sandonidae;Sandonidae_X;Sandonidae_X
540_Sandonidae_X;Eukaryota;Rhizaria;Cercozoa;Sarcomonadea;Glissomonadida;Sandonidae;Sandonidae_X;Sandonidae_X
541_Sandonidae_X;Eukaryota;Rhizaria;Cercozoa;Sarcomonadea;Glissomonadida;Sandonidae;Sandonidae_X;Sandonidae_X
542_Sandonidae_X;Eukaryota;Rhizaria;Cercozoa;Sarcomonadea;Glissomonadida;Sandonidae;Sandonidae_X;Sandonidae_X
543_Sandonidae_X;Eukaryota;Rhizaria;Cercozoa;Sarcomonadea;Glissomonadida;Sandonidae;Sandonidae_X;Sandonidae_X
544_Sandonidae_X;Eukaryota;Rhizaria;Cercozoa;Sarcomonadea;Glissomonadida;Sandonidae;Sandonidae_X;Sandonidae_X
545_Sandonidae_X;Eukaryota;Rhizaria;Cercozoa;Sarcomonadea;Glissomonadida;Sandonidae;Sandonidae_X;Sandonidae_X
546_Sandonidae_X;Eukaryota;Rhizaria;Cercozoa;Sarcomonadea;Glissomonadida;Sandonidae;Sandonidae_X;Sandonidae_X
547_Sandonidae_X;Eukaryota;Rhizaria;Cercozoa;Sarcomonadea;Glissomonadida;Sandonidae;Sandonidae_X;Sandonidae_X
548_Sandonidae_X;Eukaryota;Rhizaria;Cercozoa;Sarcomonadea;Glissomonadida;Sandonidae;Sandonidae_X;Sandonidae_X
549_Sandonidae_X;Eukaryota;Rhizaria;Cercozoa;Sarcomonadea;Glissomonadida;Sandonidae;Sandonidae_X;Sandonidae_X
550_Sandonidae_X;Eukaryota;Rhizaria;Cercozoa;Sarcomonadea;Glissomonadida;Sandonidae;Sandonidae_X;Sandonidae_X
551_Sandonidae_X;Eukaryota;Rhizaria;Cercozoa;Sarcomonadea;Glissomonadida;Sandonidae;Sandonidae_X;Sandonidae_X
552_Sandonidae_X;Eukaryota;Rhizaria;Cercozoa;Sarcomonadea;Glissomonadida;Sandonidae;Sandonidae_X;Sandonidae_X
553_Sandonidae_X;Eukaryota;Rhizaria;Cercozoa;Sarcomonadea;Glissomonadida;Sandonidae;Sandonidae_X;Sandonidae_X
554_Sandonidae_X;Eukaryota;Rhizaria;Cercozoa;Sarcomonadea;Glissomonadida;Sandonidae;Sandonidae_X;Sandonidae_X
555_Sandonidae_X;Eukaryota;Rhizaria;Cercozoa;Sarcomonadea;Glissomonadida;Sandonidae;Sandonidae_X;Sandonidae_X
556_Sandonidae_X;Eukaryota;Rhizaria;Cercozoa;Sarcomonadea;Glissomonadida;Sandonidae;Sandonidae_X;Sandonidae_X
557_Sandonidae_X;Eukaryota;Rhizaria;Cercozoa;Sarcomonadea;Glissomonadida;Sandonidae;Sandonidae_X;Sandonidae_X
558_Sandonidae_X;Eukaryota;Rhizaria;Cercozoa;Sarcomonadea;Glissomonadida;Sandonidae;Sandonidae_X;Sandonidae_X
559_Pansomonadida_XX_sp;Eukaryota;Rhizaria;Cercozoa;Sarcomonadea;Pansomonadida;Pansomonadida_X;Pansomonadida_XX;Pansomonadida_XX_sp
560_Cryothecomonas_sp;Eukaryota;Rhizaria;Cercozoa;Thecofilosea;Cryomonadida;Cryothecomonas-lineage;Cryothecomonas;Cryothecomonas_sp
561_Protaspa-lineage_X;Eukaryota;Rhizaria;Cercozoa;Thecofilosea;Cryomonadida;Protaspa-lineage;Protaspa-lineage_X;Protaspa-lineage_X
562_Protaspa-lineage_X;Eukaryota;Rhizaria;Cercozoa;Thecofilosea;Cryomonadida;Protaspa-lineage;Protaspa-lineage_X;Protaspa-lineage_X
563_Protaspa-lineage_X;Eukaryota;Rhizaria;Cercozoa;Thecofilosea;Cryomonadida;Protaspa-lineage;Protaspa-lineage_X;Protaspa-lineage_X
564_Protaspa-lineage_X;Eukaryota;Rhizaria;Cercozoa;Thecofilosea;Cryomonadida;Protaspa-lineage;Protaspa-lineage_X;Protaspa-lineage_X
565_Protaspa-lineage_X;Eukaryota;Rhizaria;Cercozoa;Thecofilosea;Cryomonadida;Protaspa-lineage;Protaspa-lineage_X;Protaspa-lineage_X
566_Protaspa-lineage_X;Eukaryota;Rhizaria;Cercozoa;Thecofilosea;Cryomonadida;Protaspa-lineage;Protaspa-lineage_X;Protaspa-lineage_X
567_Protaspa-lineage_X;Eukaryota;Rhizaria;Cercozoa;Thecofilosea;Cryomonadida;Protaspa-lineage;Protaspa-lineage_X;Protaspa-lineage_X
568_Protaspa-lineage_X;Eukaryota;Rhizaria;Cercozoa;Thecofilosea;Cryomonadida;Protaspa-lineage;Protaspa-lineage_X;Protaspa-lineage_X
569_Protaspa-lineage_X;Eukaryota;Rhizaria;Cercozoa;Thecofilosea;Cryomonadida;Protaspa-lineage;Protaspa-lineage_X;Protaspa-lineage_X
570_Protaspa-lineage_X;Eukaryota;Rhizaria;Cercozoa;Thecofilosea;Cryomonadida;Protaspa-lineage;Protaspa-lineage_X;Protaspa-lineage_X
571_Protaspa-lineage_X;Eukaryota;Rhizaria;Cercozoa;Thecofilosea;Cryomonadida;Protaspa-lineage;Protaspa-lineage_X;Protaspa-lineage_X
572_Protaspa-lineage_X;Eukaryota;Rhizaria;Cercozoa;Thecofilosea;Cryomonadida;Protaspa-lineage;Protaspa-lineage_X;Protaspa-lineage_X
573_Rhogostoma_cylindrica;Eukaryota;Rhizaria;Cercozoa;Thecofilosea;Cryomonadida;Rhogostomidae;Rhogostoma;Rhogostoma_cylindrica
574_Rhogostoma_cylindrica;Eukaryota;Rhizaria;Cercozoa;Thecofilosea;Cryomonadida;Rhogostomidae;Rhogostoma;Rhogostoma_cylindrica
575_Rhogostoma_epiphylla;Eukaryota;Rhizaria;Cercozoa;Thecofilosea;Cryomonadida;Rhogostomidae;Rhogostoma;Rhogostoma_epiphylla
576_Rhogostoma_epiphylla;Eukaryota;Rhizaria;Cercozoa;Thecofilosea;Cryomonadida;Rhogostomidae;Rhogostoma;Rhogostoma_epiphylla
577_Rhogostoma_epiphylla;Eukaryota;Rhizaria;Cercozoa;Thecofilosea;Cryomonadida;Rhogostomidae;Rhogostoma;Rhogostoma_epiphylla
578_Rhogostoma_epiphylla;Eukaryota;Rhizaria;Cercozoa;Thecofilosea;Cryomonadida;Rhogostomidae;Rhogostoma;Rhogostoma_epiphylla
579_Rhogostoma_epiphylla;Eukaryota;Rhizaria;Cercozoa;Thecofilosea;Cryomonadida;Rhogostomidae;Rhogostoma;Rhogostoma_epiphylla
580_Rhogostoma_epiphylla;Eukaryota;Rhizaria;Cercozoa;Thecofilosea;Cryomonadida;Rhogostomidae;Rhogostoma;Rhogostoma_epiphylla
581_Rhogostoma_leviosa;Eukaryota;Rhizaria;Cercozoa;Thecofilosea;Cryomonadida;Rhogostomidae;Rhogostoma;Rhogostoma_leviosa
582_Rhogostoma_pseudocylindrica;Eukaryota;Rhizaria;Cercozoa;Thecofilosea;Cryomonadida;Rhogostomidae;Rhogostoma;Rhogostoma_pseudocylindrica
583_Rhogostoma_radagasteri;Eukaryota;Rhizaria;Cercozoa;Thecofilosea;Cryomonadida;Rhogostomidae;Rhogostoma;Rhogostoma_radagasteri
584_Rhogostoma_radagasteri;Eukaryota;Rhizaria;Cercozoa;Thecofilosea;Cryomonadida;Rhogostomidae;Rhogostoma;Rhogostoma_radagasteri
585_Rhogostoma_radagasteri;Eukaryota;Rhizaria;Cercozoa;Thecofilosea;Cryomonadida;Rhogostomidae;Rhogostoma;Rhogostoma_radagasteri
586_Rhogostoma_radagasteri;Eukaryota;Rhizaria;Cercozoa;Thecofilosea;Cryomonadida;Rhogostomidae;Rhogostoma;Rhogostoma_radagasteri
587_Rhogostoma_radagasteri;Eukaryota;Rhizaria;Cercozoa;Thecofilosea;Cryomonadida;Rhogostomidae;Rhogostoma;Rhogostoma_radagasteri
588_Rhogostoma-lineage_X;Eukaryota;Rhizaria;Cercozoa;Thecofilosea;Cryomonadida;Rhogostomidae;Rhogostoma-lineage;Rhogostoma-lineage_X
589_Rhogostoma-lineage_X;Eukaryota;Rhizaria;Cercozoa;Thecofilosea;Cryomonadida;Rhogostomidae;Rhogostoma-lineage;Rhogostoma-lineage_X
590_Rhogostoma-lineage_X;Eukaryota;Rhizaria;Cercozoa;Thecofilosea;Cryomonadida;Rhogostomidae;Rhogostoma-lineage;Rhogostoma-lineage_X
591_Rhogostoma-lineage_X;Eukaryota;Rhizaria;Cercozoa;Thecofilosea;Cryomonadida;Rhogostomidae;Rhogostoma-lineage;Rhogostoma-lineage_X
592_Rhogostoma-lineage_X;Eukaryota;Rhizaria;Cercozoa;Thecofilosea;Cryomonadida;Rhogostomidae;Rhogostoma-lineage;Rhogostoma-lineage_X
593_Rhogostoma-lineage_X;Eukaryota;Rhizaria;Cercozoa;Thecofilosea;Cryomonadida;Rhogostomidae;Rhogostoma-lineage;Rhogostoma-lineage_X
594_Rhogostoma-lineage_X;Eukaryota;Rhizaria;Cercozoa;Thecofilosea;Cryomonadida;Rhogostomidae;Rhogostoma-lineage;Rhogostoma-lineage_X
595_Rhogostoma-lineage_X;Eukaryota;Rhizaria;Cercozoa;Thecofilosea;Cryomonadida;Rhogostomidae;Rhogostoma-lineage;Rhogostoma-lineage_X
596_Rhogostoma-lineage_X;Eukaryota;Rhizaria;Cercozoa;Thecofilosea;Cryomonadida;Rhogostomidae;Rhogostoma-lineage;Rhogostoma-lineage_X
597_Rhogostoma-lineage_X;Eukaryota;Rhizaria;Cercozoa;Thecofilosea;Cryomonadida;Rhogostomidae;Rhogostoma-lineage;Rhogostoma-lineage_X
598_Rhogostoma-lineage_X;Eukaryota;Rhizaria;Cercozoa;Thecofilosea;Cryomonadida;Rhogostomidae;Rhogostoma-lineage;Rhogostoma-lineage_X
599_Rhogostoma-lineage_X;Eukaryota;Rhizaria;Cercozoa;Thecofilosea;Cryomonadida;Rhogostomidae;Rhogostoma-lineage;Rhogostoma-lineage_X
600_Rhogostoma-lineage_X;Eukaryota;Rhizaria;Cercozoa;Thecofilosea;Cryomonadida;Rhogostomidae;Rhogostoma-lineage;Rhogostoma-lineage_X
601_Rhogostoma-lineage_X;Eukaryota;Rhizaria;Cercozoa;Thecofilosea;Cryomonadida;Rhogostomidae;Rhogostoma-lineage;Rhogostoma-lineage_X
602_Rhogostoma-lineage_X;Eukaryota;Rhizaria;Cercozoa;Thecofilosea;Cryomonadida;Rhogostomidae;Rhogostoma-lineage;Rhogostoma-lineage_X
603_Rhogostoma-lineage_X;Eukaryota;Rhizaria;Cercozoa;Thecofilosea;Cryomonadida;Rhogostomidae;Rhogostoma-lineage;Rhogostoma-lineage_X
604_Rhogostoma-lineage_X;Eukaryota;Rhizaria;Cercozoa;Thecofilosea;Cryomonadida;Rhogostomidae;Rhogostoma-lineage;Rhogostoma-lineage_X
605_Rhogostoma-lineage_X;Eukaryota;Rhizaria;Cercozoa;Thecofilosea;Cryomonadida;Rhogostomidae;Rhogostoma-lineage;Rhogostoma-lineage_X
606_Sacciforma_sacciformis;Eukaryota;Rhizaria;Cercozoa;Thecofilosea;Cryomonadida;Rhogostomidae;Sacciforma;Sacciforma_sacciformis
607_TAGIRI1-lineage_X;Eukaryota;Rhizaria;Cercozoa;Thecofilosea;Ebriida;TAGIRI1-lineage;TAGIRI1-lineage_X;TAGIRI1-lineage_X
608_Fisculla_asini;Eukaryota;Rhizaria;Cercozoa;Thecofilosea;Tectofilosida;Fiscullidae;Fisculla;Fisculla_asini
609_Fisculla_asini;Eukaryota;Rhizaria;Cercozoa;Thecofilosea;Tectofilosida;Fiscullidae;Fisculla;Fisculla_asini
610_Fisculla_nemoris;Eukaryota;Rhizaria;Cercozoa;Thecofilosea;Tectofilosida;Fiscullidae;Fisculla;Fisculla_nemoris
611_Fisculla_nemoris;Eukaryota;Rhizaria;Cercozoa;Thecofilosea;Tectofilosida;Fiscullidae;Fisculla;Fisculla_nemoris
612_Fisculla_terrestris;Eukaryota;Rhizaria;Cercozoa;Thecofilosea;Tectofilosida;Fiscullidae;Fisculla;Fisculla_terrestris
613_Fisculla_terrestris;Eukaryota;Rhizaria;Cercozoa;Thecofilosea;Tectofilosida;Fiscullidae;Fisculla;Fisculla_terrestris
614_Fisculla_terrestris;Eukaryota;Rhizaria;Cercozoa;Thecofilosea;Tectofilosida;Fiscullidae;Fisculla;Fisculla_terrestris
615_Pseudodifflugiidae_X;Eukaryota;Rhizaria;Cercozoa;Thecofilosea;Tectofilosida;Pseudodifflugiidae;Pseudodifflugiidae_X;Pseudodifflugiidae_X
616_Pseudodifflugiidae_X;Eukaryota;Rhizaria;Cercozoa;Thecofilosea;Tectofilosida;Pseudodifflugiidae;Pseudodifflugiidae_X;Pseudodifflugiidae_X
617_Pseudodifflugiidae_X;Eukaryota;Rhizaria;Cercozoa;Thecofilosea;Tectofilosida;Pseudodifflugiidae;Pseudodifflugiidae_X;Pseudodifflugiidae_X
618_Rhizaspis_rugosa;Eukaryota;Rhizaria;Cercozoa;Thecofilosea;Tectofilosida;Rhizaspididae;Rhizaspis;Rhizaspis_rugosa
619_Rhizaspis_rugosa;Eukaryota;Rhizaria;Cercozoa;Thecofilosea;Tectofilosida;Rhizaspididae;Rhizaspis;Rhizaspis_rugosa
620_Rhizaspis_rugosa;Eukaryota;Rhizaria;Cercozoa;Thecofilosea;Tectofilosida;Rhizaspididae;Rhizaspis;Rhizaspis_rugosa
621_Rhizaspis_spinosa;Eukaryota;Rhizaria;Cercozoa;Thecofilosea;Tectofilosida;Rhizaspididae;Rhizaspis;Rhizaspis_spinosa
622_Rhizaspis_spinosa;Eukaryota;Rhizaria;Cercozoa;Thecofilosea;Tectofilosida;Rhizaspididae;Rhizaspis;Rhizaspis_spinosa
623_Rhizaspis_spinosa;Eukaryota;Rhizaria;Cercozoa;Thecofilosea;Tectofilosida;Rhizaspididae;Rhizaspis;Rhizaspis_spinosa
624_Rhizaspis_spinosa;Eukaryota;Rhizaria;Cercozoa;Thecofilosea;Tectofilosida;Rhizaspididae;Rhizaspis;Rhizaspis_spinosa
625_Thecofilosea_XXX_sp;Eukaryota;Rhizaria;Cercozoa;Thecofilosea;Thecofilosea_X;Thecofilosea_XX;Thecofilosea_XXX;Thecofilosea_XXX_sp
626_Thecofilosea_XXX_sp;Eukaryota;Rhizaria;Cercozoa;Thecofilosea;Thecofilosea_X;Thecofilosea_XX;Thecofilosea_XXX;Thecofilosea_XXX_sp
627_Thecofilosea_XXX_sp;Eukaryota;Rhizaria;Cercozoa;Thecofilosea;Thecofilosea_X;Thecofilosea_XX;Thecofilosea_XXX;Thecofilosea_XXX_sp
628_CCW10-lineage_X;Eukaryota;Rhizaria;Cercozoa;Thecofilosea;Ventricleftida;CCW10-lineage;CCW10-lineage_X;CCW10-lineage_X
629_Discomonas_retusa;Eukaryota;Rhizaria;Cercozoa;Imbricatea;Discomonadida;Discomonadidae;Discomonas;Discomonas_retusa
630_Euglyphida_XXX_sp;Eukaryota;Rhizaria;Cercozoa;Imbricatea;Euglyphida;Euglyphida_X;Euglyphida_XX;Euglyphida_XXX_sp
631_Euglyphida_XX_sp;Eukaryota;Rhizaria;Cercozoa;Imbricatea;Euglyphida;Euglyphida_X;Euglyphida_XX;Euglyphida_XX_sp
632_Euglyphida_XX_sp;Eukaryota;Rhizaria;Cercozoa;Imbricatea;Euglyphida;Euglyphida_X;Euglyphida_XX;Euglyphida_XX_sp
633_Euglyphida_XX_sp;Eukaryota;Rhizaria;Cercozoa;Imbricatea;Euglyphida;Euglyphida_X;Euglyphida_XX;Euglyphida_XX_sp
634_Euglyphida_XX_sp;Eukaryota;Rhizaria;Cercozoa;Imbricatea;Euglyphida;Euglyphida_X;Euglyphida_XX;Euglyphida_XX_sp
635_Euglyphida_XX_sp;Eukaryota;Rhizaria;Cercozoa;Imbricatea;Euglyphida;Euglyphida_X;Euglyphida_XX;Euglyphida_XX_sp
636_Assulina_seminulum;Eukaryota;Rhizaria;Cercozoa;Imbricatea;Euglyphida;Euglyphidae;Assulina;Assulina_seminulum
637_Euglypha_ciliata;Eukaryota;Rhizaria;Cercozoa;Imbricatea;Euglyphida;Euglyphidae;Euglypha;Euglypha_ciliata
638_Euglypha_compressa;Eukaryota;Rhizaria;Cercozoa;Imbricatea;Euglyphida;Euglyphidae;Euglypha;Euglypha_compressa
639_Euglypha_compressa;Eukaryota;Rhizaria;Cercozoa;Imbricatea;Euglyphida;Euglyphidae;Euglypha;Euglypha_compressa
640_Euglypha_compressa;Eukaryota;Rhizaria;Cercozoa;Imbricatea;Euglyphida;Euglyphidae;Euglypha;Euglypha_compressa
641_Euglypha_penardi;Eukaryota;Rhizaria;Cercozoa;Imbricatea;Euglyphida;Euglyphidae;Euglypha;Euglypha_penardi
642_Euglypha_penardi;Eukaryota;Rhizaria;Cercozoa;Imbricatea;Euglyphida;Euglyphidae;Euglypha;Euglypha_penardi
643_Euglypha_penardi;Eukaryota;Rhizaria;Cercozoa;Imbricatea;Euglyphida;Euglyphidae;Euglypha;Euglypha_penardi
644_Euglypha_penardi;Eukaryota;Rhizaria;Cercozoa;Imbricatea;Euglyphida;Euglyphidae;Euglypha;Euglypha_penardi
645_Euglypha_rotunda;Eukaryota;Rhizaria;Cercozoa;Imbricatea;Euglyphida;Euglyphidae;Euglypha;Euglypha_rotunda
646_Euglypha_rotunda;Eukaryota;Rhizaria;Cercozoa;Imbricatea;Euglyphida;Euglyphidae;Euglypha;Euglypha_rotunda
647_Euglypha_rotunda;Eukaryota;Rhizaria;Cercozoa;Imbricatea;Euglyphida;Euglyphidae;Euglypha;Euglypha_rotunda
648_Euglypha_rotunda;Eukaryota;Rhizaria;Cercozoa;Imbricatea;Euglyphida;Euglyphidae;Euglypha;Euglypha_rotunda
649_Euglypha_rotunda;Eukaryota;Rhizaria;Cercozoa;Imbricatea;Euglyphida;Euglyphidae;Euglypha;Euglypha_rotunda
650_Euglypha_rotunda;Eukaryota;Rhizaria;Cercozoa;Imbricatea;Euglyphida;Euglyphidae;Euglypha;Euglypha_rotunda
651_Euglypha_rotunda;Eukaryota;Rhizaria;Cercozoa;Imbricatea;Euglyphida;Euglyphidae;Euglypha;Euglypha_rotunda
652_Trachelocorythion_pulchellum;Eukaryota;Rhizaria;Cercozoa;Imbricatea;Euglyphida;Euglyphidae;Trachelocorythion;Trachelocorythion_pulchellum
653_Paulinella_sp;Eukaryota;Rhizaria;Cercozoa;Imbricatea;Euglyphida;Paulinellidae;Paulinella;Paulinella_sp
654_Paulinella_sp;Eukaryota;Rhizaria;Cercozoa;Imbricatea;Euglyphida;Paulinellidae;Paulinella;Paulinella_sp
655_Corythion_dubium;Eukaryota;Rhizaria;Cercozoa;Imbricatea;Euglyphida;Trinematidae;Corythion;Corythion_dubium
656_Corythion_dubium;Eukaryota;Rhizaria;Cercozoa;Imbricatea;Euglyphida;Trinematidae;Corythion;Corythion_dubium
657_Corythion_dubium;Eukaryota;Rhizaria;Cercozoa;Imbricatea;Euglyphida;Trinematidae;Corythion;Corythion_dubium
658_Corythion_dubium;Eukaryota;Rhizaria;Cercozoa;Imbricatea;Euglyphida;Trinematidae;Corythion;Corythion_dubium
659_Corythion_dubium;Eukaryota;Rhizaria;Cercozoa;Imbricatea;Euglyphida;Trinematidae;Corythion;Corythion_dubium
660_Trinema_enchelys;Eukaryota;Rhizaria;Cercozoa;Imbricatea;Euglyphida;Trinematidae;Trinema;Trinema_enchelys
661_Trinema_lineare;Eukaryota;Rhizaria;Cercozoa;Imbricatea;Euglyphida;Trinematidae;Trinema;Trinema_lineare
662_Trinema_lineare;Eukaryota;Rhizaria;Cercozoa;Imbricatea;Euglyphida;Trinematidae;Trinema;Trinema_lineare
663_Trinematidae_X;Eukaryota;Rhizaria;Cercozoa;Imbricatea;Euglyphida;Trinematidae;Trinematidae_X;Trinematidae_X
664_Trinematidae_X;Eukaryota;Rhizaria;Cercozoa;Imbricatea;Euglyphida;Trinematidae;Trinematidae_X;Trinematidae_X
665_Trinematidae_X;Eukaryota;Rhizaria;Cercozoa;Imbricatea;Euglyphida;Trinematidae;Trinematidae_X;Trinematidae_X
666_Trinematidae_X;Eukaryota;Rhizaria;Cercozoa;Imbricatea;Euglyphida;Trinematidae;Trinematidae_X;Trinematidae_X
667_Trinematidae_X;Eukaryota;Rhizaria;Cercozoa;Imbricatea;Euglyphida;Trinematidae;Trinematidae_X;Trinematidae_X
668_Trinematidae_X;Eukaryota;Rhizaria;Cercozoa;Imbricatea;Euglyphida;Trinematidae;Trinematidae_X;Trinematidae_X
669_Trinematidae_X;Eukaryota;Rhizaria;Cercozoa;Imbricatea;Euglyphida;Trinematidae;Trinematidae_X;Trinematidae_X
670_Imbricatea_XXX_sp;Eukaryota;Rhizaria;Cercozoa;Imbricatea;Imbricatea_X;Imbricatea_XX;Imbricatea_XXX;Imbricatea_XXX_sp
671_Imbricatea_XXX_sp;Eukaryota;Rhizaria;Cercozoa;Imbricatea;Imbricatea_X;Imbricatea_XX;Imbricatea_XXX;Imbricatea_XXX_sp
672_Kraken_carinae;Eukaryota;Rhizaria;Cercozoa;Imbricatea;Imbricatea_X;Imbricatea_XX;Kraken;Kraken_carinae
673_Kraken_carinae;Eukaryota;Rhizaria;Cercozoa;Imbricatea;Imbricatea_X;Imbricatea_XX;Kraken;Kraken_carinae
674_Novel-clade-2_X;Eukaryota;Rhizaria;Cercozoa;Imbricatea;Imbricatea_X;Novel-clade-2;Novel-clade-2_X;Novel-clade-2_X
675_Novel-clade-2_X;Eukaryota;Rhizaria;Cercozoa;Imbricatea;Imbricatea_X;Novel-clade-2;Novel-clade-2_X;Novel-clade-2_X
676_Novel-clade-2_X;Eukaryota;Rhizaria;Cercozoa;Imbricatea;Imbricatea_X;Novel-clade-2;Novel-clade-2_X;Novel-clade-2_X
677_Novel-clade-2_X;Eukaryota;Rhizaria;Cercozoa;Imbricatea;Imbricatea_X;Novel-clade-2;Novel-clade-2_X;Novel-clade-2_X
678_Novel-clade-2_X;Eukaryota;Rhizaria;Cercozoa;Imbricatea;Imbricatea_X;Novel-clade-2;Novel-clade-2_X;Novel-clade-2_X
679_Novel-clade-3_X;Eukaryota;Rhizaria;Cercozoa;Imbricatea;Imbricatea_X;Novel-clade-3;Novel-clade-3_X;Novel-clade-3_X
680_Nudifila_producta;Eukaryota;Rhizaria;Cercozoa;Imbricatea;Imbricatea_X;Nudifilidae;Nudifila;Nudifila_producta
681_Kraken_carinae;Eukaryota;Rhizaria;Cercozoa;Imbricatea;Krakenida;Krakenidae;Kraken;Kraken_carinae
682_Marimonadida_XX_sp;Eukaryota;Rhizaria;Cercozoa;Imbricatea;Marimonadida;Marimonadida_X;Marimonadida_XX;Marimonadida_XX_sp
683_Marimonadida_XX_sp;Eukaryota;Rhizaria;Cercozoa;Imbricatea;Marimonadida;Marimonadida_X;Marimonadida_XX;Marimonadida_XX_sp
684_Marimonadida_XX_sp;Eukaryota;Rhizaria;Cercozoa;Imbricatea;Marimonadida;Marimonadida_X;Marimonadida_XX;Marimonadida_XX_sp
685_Marimonadida_XX_sp;Eukaryota;Rhizaria;Cercozoa;Imbricatea;Marimonadida;Marimonadida_X;Marimonadida_XX;Marimonadida_XX_sp
686_Spongomonadidae_X;Eukaryota;Rhizaria;Cercozoa;Imbricatea;Spongomonadida;Spongomonadidae;Spongomonadidae_X;Spongomonadidae_X
687_Spongomonadidae_X;Eukaryota;Rhizaria;Cercozoa;Imbricatea;Spongomonadida;Spongomonadidae;Spongomonadidae_X;Spongomonadidae_X
688_Spongomonadidae_X;Eukaryota;Rhizaria;Cercozoa;Imbricatea;Spongomonadida;Spongomonadidae;Spongomonadidae_X;Spongomonadidae_X
689_Spongomonadidae_X;Eukaryota;Rhizaria;Cercozoa;Imbricatea;Spongomonadida;Spongomonadidae;Spongomonadidae_X;Spongomonadidae_X
690_Spongomonadidae_X;Eukaryota;Rhizaria;Cercozoa;Imbricatea;Spongomonadida;Spongomonadidae;Spongomonadidae_X;Spongomonadidae_X
691_Spongomonadidae_X;Eukaryota;Rhizaria;Cercozoa;Imbricatea;Spongomonadida;Spongomonadidae;Spongomonadidae_X;Spongomonadidae_X
692_Spongomonadidae_X;Eukaryota;Rhizaria;Cercozoa;Imbricatea;Spongomonadida;Spongomonadidae;Spongomonadidae_X;Spongomonadidae_X
693_Spongomonadidae_X;Eukaryota;Rhizaria;Cercozoa;Imbricatea;Spongomonadida;Spongomonadidae;Spongomonadidae_X;Spongomonadidae_X
694_Spongomonas_minima;Eukaryota;Rhizaria;Cercozoa;Imbricatea;Spongomonadida;Spongomonadidae;Spongomonas;Spongomonas_minima
695_Spongomonas_minima;Eukaryota;Rhizaria;Cercozoa;Imbricatea;Spongomonadida;Spongomonadidae;Spongomonas;Spongomonas_minima
696_Spongomonas_minima;Eukaryota;Rhizaria;Cercozoa;Imbricatea;Spongomonadida;Spongomonadidae;Spongomonas;Spongomonas_minima
697_Spongomonas_minima;Eukaryota;Rhizaria;Cercozoa;Imbricatea;Spongomonadida;Spongomonadidae;Spongomonas;Spongomonas_minima
698_Spongomonas_minima;Eukaryota;Rhizaria;Cercozoa;Imbricatea;Spongomonadida;Spongomonadidae;Spongomonas;Spongomonas_minima
699_Spongomonas_sp;Eukaryota;Rhizaria;Cercozoa;Imbricatea;Spongomonadida;Spongomonadidae;Spongomonas;Spongomonas_sp
700_Spongomonas_sp;Eukaryota;Rhizaria;Cercozoa;Imbricatea;Spongomonadida;Spongomonadidae;Spongomonas;Spongomonas_sp
701_Spongomonas_sp;Eukaryota;Rhizaria;Cercozoa;Imbricatea;Spongomonadida;Spongomonadidae;Spongomonas;Spongomonas_sp
702_Spongomonas_sp;Eukaryota;Rhizaria;Cercozoa;Imbricatea;Spongomonadida;Spongomonadidae;Spongomonas;Spongomonas_sp
703_Spongomonas_sp;Eukaryota;Rhizaria;Cercozoa;Imbricatea;Spongomonadida;Spongomonadidae;Spongomonas;Spongomonas_sp
704_Peregrinia_clavideferens;Eukaryota;Rhizaria;Cercozoa;Imbricatea;Thaumatomonadida;Peregriniidae;Peregrinia;Peregrinia_clavideferens
705_Peregrinia_sp;Eukaryota;Rhizaria;Cercozoa;Imbricatea;Thaumatomonadida;Peregriniidae;Peregrinia;Peregrinia_sp
706_Peregrinia_sp;Eukaryota;Rhizaria;Cercozoa;Imbricatea;Thaumatomonadida;Peregriniidae;Peregrinia;Peregrinia_sp
707_Thaumatomonadida_XX_sp;Eukaryota;Rhizaria;Cercozoa;Imbricatea;Thaumatomonadida;Thaumatomonadida_X;Thaumatomonadida_XX;Thaumatomonadida_XX_sp
708_Thaumatomonadida_XX_sp;Eukaryota;Rhizaria;Cercozoa;Imbricatea;Thaumatomonadida;Thaumatomonadida_X;Thaumatomonadida_XX;Thaumatomonadida_XX_sp
709_Thaumatomonadida_XX_sp;Eukaryota;Rhizaria;Cercozoa;Imbricatea;Thaumatomonadida;Thaumatomonadida_X;Thaumatomonadida_XX;Thaumatomonadida_XX_sp
710_Thaumatomonadida_XX_sp;Eukaryota;Rhizaria;Cercozoa;Imbricatea;Thaumatomonadida;Thaumatomonadida_X;Thaumatomonadida_XX;Thaumatomonadida_XX_sp
711_Thaumatomonadida_XX_sp;Eukaryota;Rhizaria;Cercozoa;Imbricatea;Thaumatomonadida;Thaumatomonadida_X;Thaumatomonadida_XX;Thaumatomonadida_XX_sp
712_Thaumatomonadida_XX_sp;Eukaryota;Rhizaria;Cercozoa;Imbricatea;Thaumatomonadida;Thaumatomonadida_X;Thaumatomonadida_XX;Thaumatomonadida_XX_sp
713_Thaumatomonadida_XX_sp;Eukaryota;Rhizaria;Cercozoa;Imbricatea;Thaumatomonadida;Thaumatomonadida_X;Thaumatomonadida_XX;Thaumatomonadida_XX_sp
714_Allas_sp;Eukaryota;Rhizaria;Cercozoa;Imbricatea;Thaumatomonadida;Thaumatomonadidae;Allas;Allas_sp
715_Reckertia_filosa;Eukaryota;Rhizaria;Cercozoa;Imbricatea;Thaumatomonadida;Thaumatomonadidae;Reckertia;Reckertia_filosa
716_Thaumatomonas_sp;Eukaryota;Rhizaria;Cercozoa;Imbricatea;Thaumatomonadida;Thaumatomonadidae;Thaumatomonas;Thaumatomonas_sp
717_Thaumatomonas_sp;Eukaryota;Rhizaria;Cercozoa;Imbricatea;Thaumatomonadida;Thaumatomonadidae;Thaumatomonas;Thaumatomonas_sp
718_Thaumatomonas_sp;Eukaryota;Rhizaria;Cercozoa;Imbricatea;Thaumatomonadida;Thaumatomonadidae;Thaumatomonas;Thaumatomonas_sp
719_Thaumatomonas_sp;Eukaryota;Rhizaria;Cercozoa;Imbricatea;Thaumatomonadida;Thaumatomonadidae;Thaumatomonas;Thaumatomonas_sp
720_NC12B-lineage_X;Eukaryota;Rhizaria;Cercozoa;Novel-clade-10-12;Novel-clade-12;NC12B-lineage;NC12B-lineage_X;NC12B-lineage_X
721_NC12B-lineage_X;Eukaryota;Rhizaria;Cercozoa;Novel-clade-10-12;Novel-clade-12;NC12B-lineage;NC12B-lineage_X;NC12B-lineage_X
722_NC12B-lineage_X;Eukaryota;Rhizaria;Cercozoa;Novel-clade-10-12;Novel-clade-12;NC12B-lineage;NC12B-lineage_X;NC12B-lineage_X
723_Tremula_longifila;Eukaryota;Rhizaria;Cercozoa;Novel-clade-10-12;Tremulida;Tremulidae;Tremula;Tremula_longifila
724_Tremula_longifila;Eukaryota;Rhizaria;Cercozoa;Novel-clade-10-12;Tremulida;Tremulidae;Tremula;Tremula_longifila
725_Tremula_longifila;Eukaryota;Rhizaria;Cercozoa;Novel-clade-10-12;Tremulida;Tremulidae;Tremula;Tremula_longifila
726_Tremula_longifila;Eukaryota;Rhizaria;Cercozoa;Novel-clade-10-12;Tremulida;Tremulidae;Tremula;Tremula_longifila
727_Tremula_longifila;Eukaryota;Rhizaria;Cercozoa;Novel-clade-10-12;Tremulida;Tremulidae;Tremula;Tremula_longifila
728_Tremula_longifila;Eukaryota;Rhizaria;Cercozoa;Novel-clade-10-12;Tremulida;Tremulidae;Tremula;Tremula_longifila
729_Tremula_longifila;Eukaryota;Rhizaria;Cercozoa;Novel-clade-10-12;Tremulida;Tremulidae;Tremula;Tremula_longifila
730_Tremula_longifila;Eukaryota;Rhizaria;Cercozoa;Novel-clade-10-12;Tremulida;Tremulidae;Tremula;Tremula_longifila
731_Tremula_longifila;Eukaryota;Rhizaria;Cercozoa;Novel-clade-10-12;Tremulida;Tremulidae;Tremula;Tremula_longifila
732_Tremula_longifila;Eukaryota;Rhizaria;Cercozoa;Novel-clade-10-12;Tremulida;Tremulidae;Tremula;Tremula_longifila
733_Cercozoa_XXXX_sp;Eukaryota;Rhizaria;Cercozoa;NA;Cercozoa_XX;Cercozoa_XXX;Cercozoa_XXXX;Cercozoa_XXXX_sp
734_Cercozoa_XXXX_sp;Eukaryota;Rhizaria;Cercozoa;NA;Cercozoa_XX;Cercozoa_XXX;Cercozoa_XXXX;Cercozoa_XXXX_sp
735_Cercozoa_XXXX_sp;Eukaryota;Rhizaria;Cercozoa;NA;Cercozoa_XX;Cercozoa_XXX;Cercozoa_XXXX;Cercozoa_XXXX_sp
736_Cercozoa_XXXX_sp;Eukaryota;Rhizaria;Cercozoa;NA;Cercozoa_XX;Cercozoa_XXX;Cercozoa_XXXX;Cercozoa_XXXX_sp
737_Plasmodiophorida_XX_sp;Eukaryota;Rhizaria;Endomyxa;NA;Plasmodiophorida;Plasmodiophorida_X;Plasmodiophorida_XX;Plasmodiophorida_XX_sp
738_Plasmodiophorida_XX_sp;Eukaryota;Rhizaria;Endomyxa;NA;Plasmodiophorida;Plasmodiophorida_X;Plasmodiophorida_XX;Plasmodiophorida_XX_sp
739_Spongospora_nasturtii;Eukaryota;Rhizaria;Endomyxa;NA;Plasmodiophorida;Plasmodiophorida_X;Spongospora;Spongospora_nasturtii
740_Spongospora_sp;Eukaryota;Rhizaria;Endomyxa;NA;Plasmodiophorida;Plasmodiophorida_X;Spongospora;Spongospora_sp
741_Spongospora_sp;Eukaryota;Rhizaria;Endomyxa;NA;Plasmodiophorida;Plasmodiophorida_X;Spongospora;Spongospora_sp
742_Spongospora_subterranea;Eukaryota;Rhizaria;Endomyxa;NA;Plasmodiophorida;Plasmodiophorida_X;Spongospora;Spongospora_subterranea
743_Woronina_pythii;Eukaryota;Rhizaria;Endomyxa;NA;Plasmodiophorida;Plasmodiophorida_X;Woronina;Woronina_pythii
744_Woronina_pythii;Eukaryota;Rhizaria;Endomyxa;NA;Plasmodiophorida;Plasmodiophorida_X;Woronina;Woronina_pythii
745_Leptophryidae_X;Eukaryota;Rhizaria;Endomyxa;NA;Vampyrellida;Leptophryidae;Leptophryidae_X;Leptophryidae_X
746_Leptophryidae_X;Eukaryota;Rhizaria;Endomyxa;NA;Vampyrellida;Leptophryidae;Leptophryidae_X;Leptophryidae_X
747_Leptophryidae_X;Eukaryota;Rhizaria;Endomyxa;NA;Vampyrellida;Leptophryidae;Leptophryidae_X;Leptophryidae_X
748_Leptophryidae_X;Eukaryota;Rhizaria;Endomyxa;NA;Vampyrellida;Leptophryidae;Leptophryidae_X;Leptophryidae_X
749_Leptophryidae_X;Eukaryota;Rhizaria;Endomyxa;NA;Vampyrellida;Leptophryidae;Leptophryidae_X;Leptophryidae_X
750_Leptophryidae_X;Eukaryota;Rhizaria;Endomyxa;NA;Vampyrellida;Leptophryidae;Leptophryidae_X;Leptophryidae_X
751_Leptophryidae_X;Eukaryota;Rhizaria;Endomyxa;NA;Vampyrellida;Leptophryidae;Leptophryidae_X;Leptophryidae_X
752_Leptophryidae_X;Eukaryota;Rhizaria;Endomyxa;NA;Vampyrellida;Leptophryidae;Leptophryidae_X;Leptophryidae_X
753_Leptophryidae_X;Eukaryota;Rhizaria;Endomyxa;NA;Vampyrellida;Leptophryidae;Leptophryidae_X;Leptophryidae_X
754_Leptophryidae_X;Eukaryota;Rhizaria;Endomyxa;NA;Vampyrellida;Leptophryidae;Leptophryidae_X;Leptophryidae_X
755_Leptophryidae_X;Eukaryota;Rhizaria;Endomyxa;NA;Vampyrellida;Leptophryidae;Leptophryidae_X;Leptophryidae_X
756_Leptophryidae_X;Eukaryota;Rhizaria;Endomyxa;NA;Vampyrellida;Leptophryidae;Leptophryidae_X;Leptophryidae_X
757_Leptophryidae_X;Eukaryota;Rhizaria;Endomyxa;NA;Vampyrellida;Leptophryidae;Leptophryidae_X;Leptophryidae_X
758_Leptophryidae_X;Eukaryota;Rhizaria;Endomyxa;NA;Vampyrellida;Leptophryidae;Leptophryidae_X;Leptophryidae_X
759_Leptophrys_vorax;Eukaryota;Rhizaria;Endomyxa;NA;Vampyrellida;Leptophryidae;Leptophrys;Leptophrys_vorax
760_Leptophrys_vorax;Eukaryota;Rhizaria;Endomyxa;NA;Vampyrellida;Leptophryidae;Leptophrys;Leptophrys_vorax
761_Leptophrys_vorax;Eukaryota;Rhizaria;Endomyxa;NA;Vampyrellida;Leptophryidae;Leptophrys;Leptophrys_vorax
762_Leptophrys_vorax;Eukaryota;Rhizaria;Endomyxa;NA;Vampyrellida;Leptophryidae;Leptophrys;Leptophrys_vorax
763_Penardia-lineage_X;Eukaryota;Rhizaria;Endomyxa;NA;Vampyrellida;Penardia-lineage;Penardia-lineage_X;Penardia-lineage_X
764_Sey055-lineage_X;Eukaryota;Rhizaria;Endomyxa;NA;Vampyrellida;Sey055-lineage;Sey055-lineage_X;Sey055-lineage_X
765_Thalassomyxa_sp;Eukaryota;Rhizaria;Endomyxa;NA;Vampyrellida;Vampyrellida_X;Thalassomyxa;Thalassomyxa_sp
766_Thalassomyxa_sp;Eukaryota;Rhizaria;Endomyxa;NA;Vampyrellida;Vampyrellida_X;Thalassomyxa;Thalassomyxa_sp
767_Thalassomyxa_sp;Eukaryota;Rhizaria;Endomyxa;NA;Vampyrellida;Vampyrellida_X;Thalassomyxa;Thalassomyxa_sp
768_Thalassomyxa_sp;Eukaryota;Rhizaria;Endomyxa;NA;Vampyrellida;Vampyrellida_X;Thalassomyxa;Thalassomyxa_sp
769_Vampyrella_sp;Eukaryota;Rhizaria;Endomyxa;NA;Vampyrellida;Vampyrellidae;Vampyrella;Vampyrella_sp
770_Vampyrella_sp;Eukaryota;Rhizaria;Endomyxa;NA;Vampyrellida;Vampyrellidae;Vampyrella;Vampyrella_sp
